"response","fixed1","fixed2","random","Age.filter","best.model","significant","p.value","sample.size","Rsq.R2m","Rsq.R2c","delta.aic","fixed1.coef","fixed2.coef","int.coef"
"GPP","mat","map","geographic.area/plot.name","age.greater.than.100","mod.int",TRUE,1.077e-13,226,0.6451,0.9659,3.733,0.325,-0.0021,3e-04
"NPP","mat","map","geographic.area/plot.name","age.greater.than.100","mod.add",TRUE,2.869e-09,97,0.5127,0.8219,2.298,0.2375,-1e-04,NA
"BNPP_root","mat","map","geographic.area/plot.name","age.greater.than.100","mod.int",TRUE,0.0006152,86,0.314,0.8058,0.649,0.1452,5e-04,0
"BNPP_root_fine","mat","map","geographic.area/plot.name","age.greater.than.100","mod.int",TRUE,0.0265,84,0.1699,0.7661,1.85,0.0971,9e-04,0
"GPP","mat","TempSeasonality","geographic.area/plot.name","age.greater.than.100","mod.int",TRUE,2.444e-13,227,0.7164,0.9617,5.521,0.3893,-0.1118,-0.0066
"NPP","mat","TempSeasonality","geographic.area/plot.name","age.greater.than.100","mod.add",TRUE,1.317e-09,98,0.5361,0.8256,1.614,0.1371,-0.0216,NA
"BNPP_root","mat","TempSeasonality","geographic.area/plot.name","age.greater.than.100","mod.add",TRUE,0.0004632,87,0.2965,0.7822,1.937,0.0429,-0.0131,NA
"BNPP_root_fine","mat","TempSeasonality","geographic.area/plot.name","age.greater.than.100","mod.add",TRUE,0.01711,85,0.1738,0.6833,2.414,-0.0716,-0.0283,NA
"GPP","mat","SolarRadiation","geographic.area/plot.name","age.greater.than.100","mod.add",TRUE,1.448e-10,227,0.6207,0.9638,0.06162,0.8789,0,NA
"NPP","mat","SolarRadiation","geographic.area/plot.name","age.greater.than.100","mod.add",TRUE,3.331e-09,98,0.5107,0.8211,2.367,0.2158,0,NA
"BNPP_root","mat","SolarRadiation","geographic.area/plot.name","age.greater.than.100","mod.int",TRUE,0.0002494,87,0.3216,0.7834,1.193,0.2668,0,0
"BNPP_root_fine","mat","SolarRadiation","geographic.area/plot.name","age.greater.than.100","mod",TRUE,0.04917,85,0.1116,0.6674,1.662,NA,NA,NA
"GPP","mat","PotentialEvapotranspiration","geographic.area/plot.name","age.greater.than.100","mod.add",TRUE,5.839e-12,227,0.6682,0.9637,1.848,1.2677,-0.0119,NA
"NPP","mat","PotentialEvapotranspiration","geographic.area/plot.name","age.greater.than.100","mod.add",TRUE,2.409e-09,98,0.5184,0.8107,1.59,0.2717,-0.0014,NA
"BNPP_root","mat","PotentialEvapotranspiration","geographic.area/plot.name","age.greater.than.100","mod.int",TRUE,0.0002304,87,0.3493,0.7669,2.552,0.2794,0.0026,-2e-04
"BNPP_root_fine","mat","PotentialEvapotranspiration","geographic.area/plot.name","age.greater.than.100","mod",TRUE,0.04917,85,0.1116,0.6674,1.196,NA,NA,NA
"GPP","mat","VapourPressureDeficit","geographic.area/plot.name","age.greater.than.100","mod.add",TRUE,2.227e-13,227,0.7025,0.9674,1.984,1.3028,-17.1778,NA
"NPP","mat","VapourPressureDeficit","geographic.area/plot.name","age.greater.than.100","mod.add",TRUE,2.562e-09,98,0.5194,0.8105,1.796,0.2613,-1.4362,NA
"BNPP_root","mat","VapourPressureDeficit","geographic.area/plot.name","age.greater.than.100","mod.add",TRUE,0.0007986,87,0.2758,0.768,0.5629,0.1013,-0.2458,NA
"BNPP_root_fine","mat","VapourPressureDeficit","geographic.area/plot.name","age.greater.than.100","mod",TRUE,0.04917,85,0.1116,0.6674,2.287,NA,NA,NA
"GPP","mat","PreSeasonality","geographic.area/plot.name","age.greater.than.100","mod.int",TRUE,3.698e-12,227,0.6803,0.9636,8.06,1.3853,0.1156,-0.0105
"NPP","mat","PreSeasonality","geographic.area/plot.name","age.greater.than.100","mod.int",TRUE,9.102e-10,98,0.5625,0.8165,2.805,0.372,0.036,-0.003
"BNPP_root","mat","PreSeasonality","geographic.area/plot.name","age.greater.than.100","mod.add",TRUE,0.0004335,87,0.302,0.763,1.875,0.1049,-0.0072,NA
"BNPP_root_fine","mat","PreSeasonality","geographic.area/plot.name","age.greater.than.100","mod",TRUE,0.04917,85,0.1116,0.6674,1.52,NA,NA,NA
"GPP","map","mat","geographic.area/plot.name","age.greater.than.100","mod.int",TRUE,1.077e-13,226,0.6451,0.9659,3.733,-0.0021,0.325,3e-04
"NPP","map","mat","geographic.area/plot.name","age.greater.than.100","mod.add",TRUE,2.869e-09,97,0.5127,0.8219,2.298,-1e-04,0.2375,NA
"BNPP_root","map","mat","geographic.area/plot.name","age.greater.than.100","mod.int",TRUE,0.0006152,86,0.314,0.8058,0.649,5e-04,0.1452,0
"BNPP_root_fine","map","mat","geographic.area/plot.name","age.greater.than.100","mod.int",TRUE,0.0265,84,0.1699,0.7661,1.85,9e-04,0.0971,0
"GPP","map","TempSeasonality","geographic.area/plot.name","age.greater.than.100","mod.int",TRUE,4.26e-17,228,0.7384,0.9636,13.14,0.0035,-0.0863,-1e-04
"NPP","map","TempSeasonality","geographic.area/plot.name","age.greater.than.100","mod.add",TRUE,2.47e-09,99,0.517,0.8418,1.957,-2e-04,-0.0512,NA
"BNPP_root","map","TempSeasonality","geographic.area/plot.name","age.greater.than.100","mod.int",TRUE,0.0001373,92,0.322,0.7878,0.002389,0,-0.0177,0
"BNPP_root_fine","map","TempSeasonality","geographic.area/plot.name","age.greater.than.100","mod.add",TRUE,0.03816,86,0.1452,0.6665,1.107,1e-04,-0.0119,NA
"GPP","map","SolarRadiation","geographic.area/plot.name","age.greater.than.100","mod.add",TRUE,2.034e-09,228,0.3945,0.9682,1.55,0.0037,0,NA
"NPP","map","SolarRadiation","geographic.area/plot.name","age.greater.than.100","mod.int",TRUE,1.643e-05,99,0.3283,0.8537,0.08775,0.0025,0,0
"BNPP_root","map","SolarRadiation","geographic.area/plot.name","age.greater.than.100","mod.int",TRUE,6.246e-05,92,0.3133,0.822,6.13,0.0014,0,0
"BNPP_root_fine","map","SolarRadiation","geographic.area/plot.name","age.greater.than.100","mod.add",FALSE,0.06107,86,0.1178,0.7098,2.03,2e-04,0,NA
"GPP","map","PotentialEvapotranspiration","geographic.area/plot.name","age.greater.than.100","mod.add",TRUE,4.447e-09,228,0.3861,0.9665,0.6167,0.0037,0.0103,NA
"NPP","map","PotentialEvapotranspiration","geographic.area/plot.name","age.greater.than.100","mod.add",TRUE,5.563e-05,99,0.3216,0.7912,1.341,4e-04,0.0045,NA
"BNPP_root","map","PotentialEvapotranspiration","geographic.area/plot.name","age.greater.than.100","mod.int",TRUE,0.001001,92,0.2625,0.7861,3.139,0.0011,0.0032,0
"BNPP_root_fine","map","PotentialEvapotranspiration","geographic.area/plot.name","age.greater.than.100","mod.add",FALSE,0.05594,86,0.121,0.6879,0.9741,2e-04,0.0012,NA
"GPP","map","VapourPressureDeficit","geographic.area/plot.name","age.greater.than.100","mod.add",TRUE,4.785e-08,228,0.2926,0.9644,1.73,0.004,8.9426,NA
"NPP","map","VapourPressureDeficit","geographic.area/plot.name","age.greater.than.100","mod.int",TRUE,8.085e-05,99,0.2918,0.7909,1.027,-8e-04,2.0849,0.0023
"BNPP_root","map","VapourPressureDeficit","geographic.area/plot.name","age.greater.than.100","mod.int",TRUE,0.005194,92,0.2228,0.7494,0.3723,6e-04,4.1544,-9e-04
"BNPP_root_fine","map","VapourPressureDeficit","geographic.area/plot.name","age.greater.than.100","mod.int",TRUE,0.00824,86,0.1919,0.7027,5.655,0.0015,4.7217,-0.0022
"GPP","map","PreSeasonality","geographic.area/plot.name","age.greater.than.100","mod.int",TRUE,1.736e-08,228,0.3247,0.9724,0.447,0.0093,0.2562,-1e-04
"NPP","map","PreSeasonality","geographic.area/plot.name","age.greater.than.100","mod",FALSE,0.1834,99,0.04858,0.813,1.8,NA,NA,NA
"BNPP_root","map","PreSeasonality","geographic.area/plot.name","age.greater.than.100","mod",FALSE,0.3351,92,0.02393,0.7654,1.338,NA,NA,NA
"BNPP_root_fine","map","PreSeasonality","geographic.area/plot.name","age.greater.than.100","mod",FALSE,0.1505,86,0.05391,0.7134,1.935,NA,NA,NA
"GPP","TempSeasonality","mat","geographic.area/plot.name","age.greater.than.100","mod.int",TRUE,2.444e-13,227,0.7164,0.9617,5.521,-0.1118,0.3893,-0.0066
"NPP","TempSeasonality","mat","geographic.area/plot.name","age.greater.than.100","mod.add",TRUE,1.317e-09,98,0.5361,0.8256,1.614,-0.0216,0.1371,NA
"BNPP_root","TempSeasonality","mat","geographic.area/plot.name","age.greater.than.100","mod.add",TRUE,0.0004632,87,0.2965,0.7822,1.937,-0.0131,0.0429,NA
"BNPP_root_fine","TempSeasonality","mat","geographic.area/plot.name","age.greater.than.100","mod.add",TRUE,0.01711,85,0.1738,0.6833,2.414,-0.0283,-0.0716,NA
"GPP","TempSeasonality","map","geographic.area/plot.name","age.greater.than.100","mod.int",TRUE,4.26e-17,228,0.7384,0.9636,13.14,-0.0863,0.0035,-1e-04
"NPP","TempSeasonality","map","geographic.area/plot.name","age.greater.than.100","mod.add",TRUE,2.47e-09,99,0.517,0.8418,1.957,-0.0512,-2e-04,NA
"BNPP_root","TempSeasonality","map","geographic.area/plot.name","age.greater.than.100","mod.int",TRUE,0.0001373,92,0.322,0.7878,0.002389,-0.0177,0,0
"BNPP_root_fine","TempSeasonality","map","geographic.area/plot.name","age.greater.than.100","mod.add",TRUE,0.03816,86,0.1452,0.6665,1.107,-0.0119,1e-04,NA
"GPP","TempSeasonality","SolarRadiation","geographic.area/plot.name","age.greater.than.100","mod.int",TRUE,5.734e-14,254,0.6861,0.9632,3.637,0.1282,0,0
"NPP","TempSeasonality","SolarRadiation","geographic.area/plot.name","age.greater.than.100","mod.add",TRUE,8.414e-10,114,0.4912,0.8228,0.9153,-0.0459,0,NA
"BNPP_root","TempSeasonality","SolarRadiation","geographic.area/plot.name","age.greater.than.100","mod.add",TRUE,8.003e-06,104,0.3266,0.7617,0.7226,-0.0179,0,NA
"BNPP_root_fine","TempSeasonality","SolarRadiation","geographic.area/plot.name","age.greater.than.100","mod.add",TRUE,0.01334,96,0.1636,0.6803,2.217,-0.0107,0,NA
"GPP","TempSeasonality","PotentialEvapotranspiration","geographic.area/plot.name","age.greater.than.100","mod.int",TRUE,1.419e-14,254,0.6919,0.9606,5.326,-0.0136,0.0051,-2e-04
"NPP","TempSeasonality","PotentialEvapotranspiration","geographic.area/plot.name","age.greater.than.100","mod.add",TRUE,1.479e-09,114,0.4906,0.8214,1.889,-0.0488,5e-04,NA
"BNPP_root","TempSeasonality","PotentialEvapotranspiration","geographic.area/plot.name","age.greater.than.100","mod.int",TRUE,2.268e-05,104,0.3484,0.7625,0.5696,-0.0497,-6e-04,0
"BNPP_root_fine","TempSeasonality","PotentialEvapotranspiration","geographic.area/plot.name","age.greater.than.100","mod.add",TRUE,0.01531,96,0.1611,0.6695,2.368,-0.0109,5e-04,NA
"GPP","TempSeasonality","VapourPressureDeficit","geographic.area/plot.name","age.greater.than.100","mod.int",TRUE,4.793e-14,254,0.6818,0.9608,1.541,-0.1282,1.0936,-0.2009
"NPP","TempSeasonality","VapourPressureDeficit","geographic.area/plot.name","age.greater.than.100","mod.add",TRUE,1.296e-09,114,0.492,0.8201,2.19,-0.0477,0.9766,NA
"BNPP_root","TempSeasonality","VapourPressureDeficit","geographic.area/plot.name","age.greater.than.100","mod.int",TRUE,1.025e-05,104,0.3645,0.7659,2.632,-0.0465,-1.3467,0.0561
"BNPP_root_fine","TempSeasonality","VapourPressureDeficit","geographic.area/plot.name","age.greater.than.100","mod.add",TRUE,0.01881,96,0.1577,0.674,1.416,-0.0136,0.0194,NA
"GPP","TempSeasonality","PreSeasonality","geographic.area/plot.name","age.greater.than.100","mod.add",TRUE,1.228e-13,254,0.668,0.9625,0.8754,-0.1881,0.0271,NA
"NPP","TempSeasonality","PreSeasonality","geographic.area/plot.name","age.greater.than.100","mod.int",TRUE,2.055e-09,114,0.5167,0.8151,0.0003448,-0.0779,-0.029,6e-04
"BNPP_root","TempSeasonality","PreSeasonality","geographic.area/plot.name","age.greater.than.100","mod.add",TRUE,2.957e-05,104,0.3238,0.7621,2.287,-0.0248,-0.0053,NA
"BNPP_root_fine","TempSeasonality","PreSeasonality","geographic.area/plot.name","age.greater.than.100","mod.add",TRUE,0.01871,96,0.157,0.6766,1.847,-0.0136,-5e-04,NA
"GPP","SolarRadiation","mat","geographic.area/plot.name","age.greater.than.100","mod.add",TRUE,1.448e-10,227,0.6207,0.9638,0.06162,0,0.8789,NA
"NPP","SolarRadiation","mat","geographic.area/plot.name","age.greater.than.100","mod.add",TRUE,3.331e-09,98,0.5107,0.8211,2.367,0,0.2158,NA
"BNPP_root","SolarRadiation","mat","geographic.area/plot.name","age.greater.than.100","mod.int",TRUE,0.0002494,87,0.3216,0.7834,1.193,0,0.2668,0
"BNPP_root_fine","SolarRadiation","mat","geographic.area/plot.name","age.greater.than.100","mod",TRUE,0.04934,85,0.1093,0.7053,1.662,NA,NA,NA
"GPP","SolarRadiation","map","geographic.area/plot.name","age.greater.than.100","mod.add",TRUE,2.034e-09,228,0.3945,0.9682,1.55,0,0.0037,NA
"NPP","SolarRadiation","map","geographic.area/plot.name","age.greater.than.100","mod.int",TRUE,1.643e-05,99,0.3283,0.8537,0.08775,0,0.0025,0
"BNPP_root","SolarRadiation","map","geographic.area/plot.name","age.greater.than.100","mod.int",TRUE,6.246e-05,92,0.3133,0.822,6.13,0,0.0014,0
"BNPP_root_fine","SolarRadiation","map","geographic.area/plot.name","age.greater.than.100","mod.add",FALSE,0.06107,86,0.1178,0.7098,2.03,0,2e-04,NA
"GPP","SolarRadiation","TempSeasonality","geographic.area/plot.name","age.greater.than.100","mod.int",TRUE,5.734e-14,254,0.6861,0.9632,3.637,0,0.1282,0
"NPP","SolarRadiation","TempSeasonality","geographic.area/plot.name","age.greater.than.100","mod.add",TRUE,8.414e-10,114,0.4912,0.8228,0.9153,0,-0.0459,NA
"BNPP_root","SolarRadiation","TempSeasonality","geographic.area/plot.name","age.greater.than.100","mod.add",TRUE,8.003e-06,104,0.3266,0.7617,0.7226,0,-0.0179,NA
"BNPP_root_fine","SolarRadiation","TempSeasonality","geographic.area/plot.name","age.greater.than.100","mod.add",TRUE,0.01334,96,0.1636,0.6803,2.217,0,-0.0107,NA
"GPP","SolarRadiation","PotentialEvapotranspiration","geographic.area/plot.name","age.greater.than.100","mod.int",TRUE,7.644e-05,254,0.2894,0.9608,2.395,1e-04,0.0465,0
"NPP","SolarRadiation","PotentialEvapotranspiration","geographic.area/plot.name","age.greater.than.100","mod.int",TRUE,3.468e-05,114,0.2674,0.8204,3.306,0,0.0145,0
"BNPP_root","SolarRadiation","PotentialEvapotranspiration","geographic.area/plot.name","age.greater.than.100","mod.int",TRUE,3.423e-05,104,0.3054,0.7725,7.015,0,0.0061,0
"BNPP_root_fine","SolarRadiation","PotentialEvapotranspiration","geographic.area/plot.name","age.greater.than.100","mod.add",FALSE,0.06761,96,0.1099,0.6756,1.194,0,9e-04,NA
"GPP","SolarRadiation","VapourPressureDeficit","geographic.area/plot.name","age.greater.than.100","mod.int",TRUE,0.0002065,254,0.2718,0.9598,0.9562,1e-04,48.0284,-1e-04
"NPP","SolarRadiation","VapourPressureDeficit","geographic.area/plot.name","age.greater.than.100","mod.int",TRUE,1.889e-05,114,0.2753,0.8159,3.555,0,24.2513,0
"BNPP_root","SolarRadiation","VapourPressureDeficit","geographic.area/plot.name","age.greater.than.100","mod.int",TRUE,3.002e-05,104,0.3251,0.7509,7.286,0,12.7047,0
"BNPP_root_fine","SolarRadiation","VapourPressureDeficit","geographic.area/plot.name","age.greater.than.100","mod.add",FALSE,0.07081,96,0.1102,0.685,1.334,0,0.5211,NA
"GPP","SolarRadiation","PreSeasonality","geographic.area/plot.name","age.greater.than.100","mod.add",TRUE,0.000219,254,0.2362,0.9635,2.132,0,0.0407,NA
"NPP","SolarRadiation","PreSeasonality","geographic.area/plot.name","age.greater.than.100","mod.add",TRUE,6.889e-05,114,0.2455,0.8322,1.77,0,-0.0228,NA
"BNPP_root","SolarRadiation","PreSeasonality","geographic.area/plot.name","age.greater.than.100","mod.int",TRUE,1.214e-05,104,0.3357,0.7793,0.5209,0,0.0354,0
"BNPP_root_fine","SolarRadiation","PreSeasonality","geographic.area/plot.name","age.greater.than.100","mod.add",FALSE,0.06141,96,0.1046,0.6811,0.1449,0,-0.0056,NA
"GPP","PotentialEvapotranspiration","mat","geographic.area/plot.name","age.greater.than.100","mod.add",TRUE,5.839e-12,227,0.6682,0.9637,1.848,-0.0119,1.2677,NA
"NPP","PotentialEvapotranspiration","mat","geographic.area/plot.name","age.greater.than.100","mod.add",TRUE,2.409e-09,98,0.5184,0.8107,1.59,-0.0014,0.2717,NA
"BNPP_root","PotentialEvapotranspiration","mat","geographic.area/plot.name","age.greater.than.100","mod.int",TRUE,0.0002304,87,0.3493,0.7669,2.552,0.0026,0.2794,-2e-04
"BNPP_root_fine","PotentialEvapotranspiration","mat","geographic.area/plot.name","age.greater.than.100","mod",TRUE,0.04299,85,0.1107,0.6736,1.196,NA,NA,NA
"GPP","PotentialEvapotranspiration","map","geographic.area/plot.name","age.greater.than.100","mod.add",TRUE,4.447e-09,228,0.3861,0.9665,0.6167,0.0103,0.0037,NA
"NPP","PotentialEvapotranspiration","map","geographic.area/plot.name","age.greater.than.100","mod.add",TRUE,5.563e-05,99,0.3216,0.7912,1.341,0.0045,4e-04,NA
"BNPP_root","PotentialEvapotranspiration","map","geographic.area/plot.name","age.greater.than.100","mod.int",TRUE,0.001001,92,0.2625,0.7861,3.139,0.0032,0.0011,0
"BNPP_root_fine","PotentialEvapotranspiration","map","geographic.area/plot.name","age.greater.than.100","mod.add",FALSE,0.05594,86,0.121,0.6879,0.9741,0.0012,2e-04,NA
"GPP","PotentialEvapotranspiration","TempSeasonality","geographic.area/plot.name","age.greater.than.100","mod.int",TRUE,1.419e-14,254,0.6919,0.9606,5.326,0.0051,-0.0136,-2e-04
"NPP","PotentialEvapotranspiration","TempSeasonality","geographic.area/plot.name","age.greater.than.100","mod.add",TRUE,1.479e-09,114,0.4906,0.8214,1.889,5e-04,-0.0488,NA
"BNPP_root","PotentialEvapotranspiration","TempSeasonality","geographic.area/plot.name","age.greater.than.100","mod.int",TRUE,2.268e-05,104,0.3484,0.7625,0.5696,-6e-04,-0.0497,0
"BNPP_root_fine","PotentialEvapotranspiration","TempSeasonality","geographic.area/plot.name","age.greater.than.100","mod.add",TRUE,0.01531,96,0.1611,0.6695,2.368,5e-04,-0.0109,NA
"GPP","PotentialEvapotranspiration","SolarRadiation","geographic.area/plot.name","age.greater.than.100","mod.int",TRUE,7.644e-05,254,0.2894,0.9608,2.395,0.0465,1e-04,0
"NPP","PotentialEvapotranspiration","SolarRadiation","geographic.area/plot.name","age.greater.than.100","mod.int",TRUE,3.468e-05,114,0.2674,0.8204,3.306,0.0145,0,0
"BNPP_root","PotentialEvapotranspiration","SolarRadiation","geographic.area/plot.name","age.greater.than.100","mod.int",TRUE,3.423e-05,104,0.3054,0.7725,7.015,0.0061,0,0
"BNPP_root_fine","PotentialEvapotranspiration","SolarRadiation","geographic.area/plot.name","age.greater.than.100","mod.add",FALSE,0.06761,96,0.1099,0.6756,1.194,9e-04,0,NA
"GPP","PotentialEvapotranspiration","VapourPressureDeficit","geographic.area/plot.name","age.greater.than.100","mod.int",TRUE,1.14e-05,254,0.3692,0.9617,5.812,0.0301,31.4231,-0.0254
"NPP","PotentialEvapotranspiration","VapourPressureDeficit","geographic.area/plot.name","age.greater.than.100","mod.int",TRUE,1.625e-06,114,0.3576,0.8108,11.26,0.0105,24.1992,-0.0165
"BNPP_root","PotentialEvapotranspiration","VapourPressureDeficit","geographic.area/plot.name","age.greater.than.100","mod.int",TRUE,3.184e-05,104,0.3428,0.7368,10.84,0.006,10.0693,-0.0077
"BNPP_root_fine","PotentialEvapotranspiration","VapourPressureDeficit","geographic.area/plot.name","age.greater.than.100","mod.add",FALSE,0.06889,96,0.108,0.6639,0.933,0.0017,-0.3674,NA
"GPP","PotentialEvapotranspiration","PreSeasonality","geographic.area/plot.name","age.greater.than.100","mod.int",TRUE,0.0001772,254,0.279,0.9632,0.6905,0.0208,0.2532,-2e-04
"NPP","PotentialEvapotranspiration","PreSeasonality","geographic.area/plot.name","age.greater.than.100","mod.add",TRUE,9.875e-05,114,0.2334,0.7877,0.5185,0.0052,-0.0269,NA
"BNPP_root","PotentialEvapotranspiration","PreSeasonality","geographic.area/plot.name","age.greater.than.100","mod.int",TRUE,0.0004411,104,0.2662,0.7242,1.104,0.004,0.036,0
"BNPP_root_fine","PotentialEvapotranspiration","PreSeasonality","geographic.area/plot.name","age.greater.than.100","mod.add",TRUE,0.04816,96,0.1124,0.6438,1.693,0.0016,-0.0062,NA
"GPP","VapourPressureDeficit","mat","geographic.area/plot.name","age.greater.than.100","mod.add",TRUE,2.227e-13,227,0.7025,0.9674,1.984,-17.1778,1.3028,NA
"NPP","VapourPressureDeficit","mat","geographic.area/plot.name","age.greater.than.100","mod.add",TRUE,2.562e-09,98,0.5194,0.8105,1.796,-1.4362,0.2613,NA
"BNPP_root","VapourPressureDeficit","mat","geographic.area/plot.name","age.greater.than.100","mod.add",TRUE,0.0007986,87,0.2758,0.768,0.5629,-0.2458,0.1013,NA
"BNPP_root_fine","VapourPressureDeficit","mat","geographic.area/plot.name","age.greater.than.100","mod",FALSE,0.2171,85,0.05202,0.6702,2.287,NA,NA,NA
"GPP","VapourPressureDeficit","map","geographic.area/plot.name","age.greater.than.100","mod.add",TRUE,4.785e-08,228,0.2926,0.9644,1.73,8.9426,0.004,NA
"NPP","VapourPressureDeficit","map","geographic.area/plot.name","age.greater.than.100","mod.int",TRUE,8.085e-05,99,0.2918,0.7909,1.027,2.0849,-8e-04,0.0023
"BNPP_root","VapourPressureDeficit","map","geographic.area/plot.name","age.greater.than.100","mod.int",TRUE,0.005194,92,0.2228,0.7494,0.3723,4.1544,6e-04,-9e-04
"BNPP_root_fine","VapourPressureDeficit","map","geographic.area/plot.name","age.greater.than.100","mod.int",TRUE,0.00824,86,0.1919,0.7027,5.655,4.7217,0.0015,-0.0022
"GPP","VapourPressureDeficit","TempSeasonality","geographic.area/plot.name","age.greater.than.100","mod.int",TRUE,4.793e-14,254,0.6818,0.9608,1.541,1.0936,-0.1282,-0.2009
"NPP","VapourPressureDeficit","TempSeasonality","geographic.area/plot.name","age.greater.than.100","mod.add",TRUE,1.296e-09,114,0.492,0.8201,2.19,0.9766,-0.0477,NA
"BNPP_root","VapourPressureDeficit","TempSeasonality","geographic.area/plot.name","age.greater.than.100","mod.int",TRUE,1.025e-05,104,0.3645,0.7659,2.632,-1.3467,-0.0465,0.0561
"BNPP_root_fine","VapourPressureDeficit","TempSeasonality","geographic.area/plot.name","age.greater.than.100","mod.add",TRUE,0.01881,96,0.1577,0.674,1.416,0.0194,-0.0136,NA
"GPP","VapourPressureDeficit","SolarRadiation","geographic.area/plot.name","age.greater.than.100","mod.int",TRUE,0.0002065,254,0.2718,0.9598,0.9562,48.0284,1e-04,-1e-04
"NPP","VapourPressureDeficit","SolarRadiation","geographic.area/plot.name","age.greater.than.100","mod.int",TRUE,1.889e-05,114,0.2753,0.8159,3.555,24.2513,0,0
"BNPP_root","VapourPressureDeficit","SolarRadiation","geographic.area/plot.name","age.greater.than.100","mod.int",TRUE,3.002e-05,104,0.3251,0.7509,7.286,12.7047,0,0
"BNPP_root_fine","VapourPressureDeficit","SolarRadiation","geographic.area/plot.name","age.greater.than.100","mod.add",FALSE,0.07081,96,0.1102,0.685,1.334,0.5211,0,NA
"GPP","VapourPressureDeficit","PotentialEvapotranspiration","geographic.area/plot.name","age.greater.than.100","mod.int",TRUE,1.14e-05,254,0.3692,0.9617,5.812,31.4231,0.0301,-0.0254
"NPP","VapourPressureDeficit","PotentialEvapotranspiration","geographic.area/plot.name","age.greater.than.100","mod.int",TRUE,1.625e-06,114,0.3576,0.8108,11.26,24.1992,0.0105,-0.0165
"BNPP_root","VapourPressureDeficit","PotentialEvapotranspiration","geographic.area/plot.name","age.greater.than.100","mod.int",TRUE,3.184e-05,104,0.3428,0.7368,10.84,10.0693,0.006,-0.0077
"BNPP_root_fine","VapourPressureDeficit","PotentialEvapotranspiration","geographic.area/plot.name","age.greater.than.100","mod.add",FALSE,0.06889,96,0.108,0.6639,0.933,-0.3674,0.0017,NA
"GPP","VapourPressureDeficit","PreSeasonality","geographic.area/plot.name","age.greater.than.100","mod.int",TRUE,0.0007854,254,0.2397,0.9611,3.541,30.6343,0.251,-0.3313
"NPP","VapourPressureDeficit","PreSeasonality","geographic.area/plot.name","age.greater.than.100","mod.add",TRUE,0.0001843,114,0.2072,0.7844,0.1913,6.7646,-0.0236,NA
"BNPP_root","VapourPressureDeficit","PreSeasonality","geographic.area/plot.name","age.greater.than.100","mod.int",TRUE,0.002794,104,0.2232,0.726,1.291,5.3163,0.0273,-0.049
"BNPP_root_fine","VapourPressureDeficit","PreSeasonality","geographic.area/plot.name","age.greater.than.100","mod",FALSE,0.1559,96,0.05492,0.6527,2.358,NA,NA,NA
"GPP","PreSeasonality","mat","geographic.area/plot.name","age.greater.than.100","mod.int",TRUE,3.698e-12,227,0.6803,0.9636,8.06,0.1156,1.3853,-0.0105
"NPP","PreSeasonality","mat","geographic.area/plot.name","age.greater.than.100","mod.int",TRUE,9.102e-10,98,0.5625,0.8165,2.805,0.036,0.372,-0.003
"BNPP_root","PreSeasonality","mat","geographic.area/plot.name","age.greater.than.100","mod.add",TRUE,0.0004335,87,0.302,0.763,1.875,-0.0072,0.1049,NA
"BNPP_root_fine","PreSeasonality","mat","geographic.area/plot.name","age.greater.than.100","mod",FALSE,0.9508,85,0.002344,0.6991,1.52,NA,NA,NA
"GPP","PreSeasonality","map","geographic.area/plot.name","age.greater.than.100","mod.int",TRUE,1.736e-08,228,0.3247,0.9724,0.447,0.2562,0.0093,-1e-04
"NPP","PreSeasonality","map","geographic.area/plot.name","age.greater.than.100","mod",FALSE,0.2384,99,0.04103,0.8601,1.8,NA,NA,NA
"BNPP_root","PreSeasonality","map","geographic.area/plot.name","age.greater.than.100","mod",FALSE,0.7762,92,0.006759,0.7828,1.338,NA,NA,NA
"BNPP_root_fine","PreSeasonality","map","geographic.area/plot.name","age.greater.than.100","mod",FALSE,0.9616,86,0.001678,0.671,1.935,NA,NA,NA
"GPP","PreSeasonality","TempSeasonality","geographic.area/plot.name","age.greater.than.100","mod.add",TRUE,1.228e-13,254,0.668,0.9625,0.8754,0.0271,-0.1881,NA
"NPP","PreSeasonality","TempSeasonality","geographic.area/plot.name","age.greater.than.100","mod.int",TRUE,2.055e-09,114,0.5167,0.8151,0.0003448,-0.029,-0.0779,6e-04
"BNPP_root","PreSeasonality","TempSeasonality","geographic.area/plot.name","age.greater.than.100","mod.add",TRUE,2.957e-05,104,0.3238,0.7621,2.287,-0.0053,-0.0248,NA
"BNPP_root_fine","PreSeasonality","TempSeasonality","geographic.area/plot.name","age.greater.than.100","mod.add",TRUE,0.01871,96,0.157,0.6766,1.847,-5e-04,-0.0136,NA
"GPP","PreSeasonality","SolarRadiation","geographic.area/plot.name","age.greater.than.100","mod.add",TRUE,0.000219,254,0.2362,0.9635,2.132,0.0407,0,NA
"NPP","PreSeasonality","SolarRadiation","geographic.area/plot.name","age.greater.than.100","mod.add",TRUE,6.889e-05,114,0.2455,0.8322,1.77,-0.0228,0,NA
"BNPP_root","PreSeasonality","SolarRadiation","geographic.area/plot.name","age.greater.than.100","mod.int",TRUE,1.214e-05,104,0.3357,0.7793,0.5209,0.0354,0,0
"BNPP_root_fine","PreSeasonality","SolarRadiation","geographic.area/plot.name","age.greater.than.100","mod.add",FALSE,0.06141,96,0.1046,0.6811,0.1449,-0.0056,0,NA
"GPP","PreSeasonality","PotentialEvapotranspiration","geographic.area/plot.name","age.greater.than.100","mod.int",TRUE,0.0001772,254,0.279,0.9632,0.6905,0.2532,0.0208,-2e-04
"NPP","PreSeasonality","PotentialEvapotranspiration","geographic.area/plot.name","age.greater.than.100","mod.add",TRUE,9.875e-05,114,0.2334,0.7877,0.5185,-0.0269,0.0052,NA
"BNPP_root","PreSeasonality","PotentialEvapotranspiration","geographic.area/plot.name","age.greater.than.100","mod.int",TRUE,0.0004411,104,0.2662,0.7242,1.104,0.036,0.004,0
"BNPP_root_fine","PreSeasonality","PotentialEvapotranspiration","geographic.area/plot.name","age.greater.than.100","mod.add",TRUE,0.04816,96,0.1124,0.6438,1.693,-0.0062,0.0016,NA
"GPP","PreSeasonality","VapourPressureDeficit","geographic.area/plot.name","age.greater.than.100","mod.int",TRUE,0.0007854,254,0.2397,0.9611,3.541,0.251,30.6343,-0.3313
"NPP","PreSeasonality","VapourPressureDeficit","geographic.area/plot.name","age.greater.than.100","mod.add",TRUE,0.0001843,114,0.2072,0.7844,0.1913,-0.0236,6.7646,NA
"BNPP_root","PreSeasonality","VapourPressureDeficit","geographic.area/plot.name","age.greater.than.100","mod.int",TRUE,0.002794,104,0.2232,0.726,1.291,0.0273,5.3163,-0.049
"BNPP_root_fine","PreSeasonality","VapourPressureDeficit","geographic.area/plot.name","age.greater.than.100","mod",FALSE,0.9618,96,0.0007649,0.6854,2.358,NA,NA,NA
"ANPP","mat","map","geographic.area/plot.name","age.greater.than.100","mod.int",TRUE,2.666e-16,198,0.4479,0.8661,0.5053,0.1564,-7e-04,0
"ANPP_foliage","mat","map","geographic.area/plot.name","age.greater.than.100","mod.add",TRUE,3.733e-11,68,0.6388,0.8148,2.355,0.1066,-1e-04,NA
"ANPP_woody_stem","mat","map","geographic.area/plot.name","age.greater.than.100","mod.int",TRUE,3.403e-09,229,0.244,0.8769,1.123,0.0455,-4e-04,0
"ANPP","mat","TempSeasonality","geographic.area/plot.name","age.greater.than.100","mod.int",TRUE,9.317e-16,202,0.476,0.8404,2.379,0.1169,-0.0148,-9e-04
"ANPP_foliage","mat","TempSeasonality","geographic.area/plot.name","age.greater.than.100","mod.add",TRUE,4.832e-11,69,0.6315,0.8121,2.544,0.1201,0.0049,NA
"ANPP_woody_stem","mat","TempSeasonality","geographic.area/plot.name","age.greater.than.100","mod.add",TRUE,4.653e-09,232,0.2333,0.8807,2.144,0.0983,0.0068,NA
"ANPP","mat","SolarRadiation","geographic.area/plot.name","age.greater.than.100","mod.add",TRUE,6.259e-16,202,0.4694,0.8399,1.935,0.2171,0,NA
"ANPP_foliage","mat","SolarRadiation","geographic.area/plot.name","age.greater.than.100","mod.add",TRUE,1.595e-11,69,0.6531,0.8239,2.498,0.1212,0,NA
"ANPP_woody_stem","mat","SolarRadiation","geographic.area/plot.name","age.greater.than.100","mod.add",TRUE,4.365e-09,232,0.2402,0.8801,2.099,0.0821,0,NA
"ANPP","mat","PotentialEvapotranspiration","geographic.area/plot.name","age.greater.than.100","mod.add",TRUE,5.253e-17,202,0.4986,0.8412,0.2374,0.2376,-0.002,NA
"ANPP_foliage","mat","PotentialEvapotranspiration","geographic.area/plot.name","age.greater.than.100","mod.add",TRUE,1.29e-11,69,0.6565,0.8148,2.457,0.1328,-0.0011,NA
"ANPP_woody_stem","mat","PotentialEvapotranspiration","geographic.area/plot.name","age.greater.than.100","mod.int",TRUE,3.546e-09,232,0.2248,0.8872,0.257,0.145,8e-04,-1e-04
"ANPP","mat","VapourPressureDeficit","geographic.area/plot.name","age.greater.than.100","mod.int",TRUE,5.341e-16,202,0.4597,0.8473,0.4509,0.2758,1.4413,-0.1701
"ANPP_foliage","mat","VapourPressureDeficit","geographic.area/plot.name","age.greater.than.100","mod.add",TRUE,5.911e-11,69,0.6338,0.8105,2.165,0.097,0.0887,NA
"ANPP_woody_stem","mat","VapourPressureDeficit","geographic.area/plot.name","age.greater.than.100","mod.int",TRUE,7.233e-09,232,0.2022,0.8909,0.3504,0.1162,2.0674,-0.1021
"ANPP","mat","PreSeasonality","geographic.area/plot.name","age.greater.than.100","mod.int",TRUE,3.096e-16,202,0.4649,0.8579,5.6,0.271,0.0423,-0.0022
"ANPP_foliage","mat","PreSeasonality","geographic.area/plot.name","age.greater.than.100","mod.add",TRUE,1.575e-11,69,0.6576,0.8227,2.491,0.1012,-0.0072,NA
"ANPP_woody_stem","mat","PreSeasonality","geographic.area/plot.name","age.greater.than.100","mod.add",TRUE,4.342e-09,232,0.2325,0.8851,0.3598,0.0678,0.0036,NA
"ANPP","map","mat","geographic.area/plot.name","age.greater.than.100","mod.int",TRUE,2.666e-16,198,0.4479,0.8661,0.5053,-7e-04,0.1564,0
"ANPP_foliage","map","mat","geographic.area/plot.name","age.greater.than.100","mod.add",TRUE,3.733e-11,68,0.6388,0.8148,2.355,-1e-04,0.1066,NA
"ANPP_woody_stem","map","mat","geographic.area/plot.name","age.greater.than.100","mod.int",TRUE,3.403e-09,229,0.244,0.8769,1.123,-4e-04,0.0455,0
"ANPP","map","TempSeasonality","geographic.area/plot.name","age.greater.than.100","mod.add",TRUE,5.826e-16,204,0.4377,0.8585,1.666,-2e-04,-0.0406,NA
"ANPP_foliage","map","TempSeasonality","geographic.area/plot.name","age.greater.than.100","mod.add",TRUE,2.79e-10,75,0.5985,0.8248,2.412,-1e-04,-0.0227,NA
"ANPP_woody_stem","map","TempSeasonality","geographic.area/plot.name","age.greater.than.100","mod.add",TRUE,7.395e-08,234,0.1971,0.8888,1.641,0,-0.0146,NA
"ANPP","map","SolarRadiation","geographic.area/plot.name","age.greater.than.100","mod.add",TRUE,2.327e-09,204,0.2859,0.8848,0.9514,-2e-04,0,NA
"ANPP_foliage","map","SolarRadiation","geographic.area/plot.name","age.greater.than.100","mod.add",TRUE,5.612e-05,75,0.3679,0.8042,0.7107,1e-04,0,NA
"ANPP_woody_stem","map","SolarRadiation","geographic.area/plot.name","age.greater.than.100","mod.add",TRUE,3.692e-06,234,0.1547,0.8964,2.099,1e-04,0,NA
"ANPP","map","PotentialEvapotranspiration","geographic.area/plot.name","age.greater.than.100","mod.add",TRUE,4.906e-07,204,0.228,0.8742,1.316,0,0.0026,NA
"ANPP_foliage","map","PotentialEvapotranspiration","geographic.area/plot.name","age.greater.than.100","mod.add",TRUE,9.469e-07,75,0.4297,0.7977,2.493,1e-04,0.0021,NA
"ANPP_woody_stem","map","PotentialEvapotranspiration","geographic.area/plot.name","age.greater.than.100","mod.add",TRUE,8.504e-06,234,0.1698,0.8962,2.094,1e-04,9e-04,NA
"ANPP","map","VapourPressureDeficit","geographic.area/plot.name","age.greater.than.100","mod.add",TRUE,1.487e-05,204,0.1642,0.8464,1.795,1e-04,2.8526,NA
"ANPP_foliage","map","VapourPressureDeficit","geographic.area/plot.name","age.greater.than.100","mod.add",TRUE,4.624e-07,75,0.4237,0.7497,2.51,1e-04,3.0504,NA
"ANPP_woody_stem","map","VapourPressureDeficit","geographic.area/plot.name","age.greater.than.100","mod.add",TRUE,8.266e-06,234,0.1736,0.8828,0.9321,1e-04,1.1692,NA
"ANPP","map","PreSeasonality","geographic.area/plot.name","age.greater.than.100","mod.add",TRUE,8.32e-05,204,0.164,0.886,1.819,0,0.0217,NA
"ANPP_foliage","map","PreSeasonality","geographic.area/plot.name","age.greater.than.100","mod.add",FALSE,0.06695,75,0.09487,0.7719,2.393,2e-04,0.0048,NA
"ANPP_woody_stem","map","PreSeasonality","geographic.area/plot.name","age.greater.than.100","mod.int",TRUE,9.486e-06,234,0.1368,0.8981,1.914,-1e-04,-0.0034,0
"ANPP","TempSeasonality","mat","geographic.area/plot.name","age.greater.than.100","mod.int",TRUE,9.317e-16,202,0.476,0.8404,2.379,-0.0148,0.1169,-9e-04
"ANPP_foliage","TempSeasonality","mat","geographic.area/plot.name","age.greater.than.100","mod.add",TRUE,4.832e-11,69,0.6315,0.8121,2.544,0.0049,0.1201,NA
"ANPP_woody_stem","TempSeasonality","mat","geographic.area/plot.name","age.greater.than.100","mod.add",TRUE,4.653e-09,232,0.2333,0.8807,2.144,0.0068,0.0983,NA
"ANPP","TempSeasonality","map","geographic.area/plot.name","age.greater.than.100","mod.add",TRUE,5.826e-16,204,0.4377,0.8585,1.666,-0.0406,-2e-04,NA
"ANPP_foliage","TempSeasonality","map","geographic.area/plot.name","age.greater.than.100","mod.add",TRUE,2.79e-10,75,0.5985,0.8248,2.412,-0.0227,-1e-04,NA
"ANPP_woody_stem","TempSeasonality","map","geographic.area/plot.name","age.greater.than.100","mod.add",TRUE,7.395e-08,234,0.1971,0.8888,1.641,-0.0146,0,NA
"ANPP","TempSeasonality","SolarRadiation","geographic.area/plot.name","age.greater.than.100","mod.add",TRUE,9.907e-16,259,0.4055,0.8336,1.888,-0.0373,0,NA
"ANPP_foliage","TempSeasonality","SolarRadiation","geographic.area/plot.name","age.greater.than.100","mod.add",TRUE,4.064e-11,99,0.5578,0.8169,2.321,-0.0192,0,NA
"ANPP_woody_stem","TempSeasonality","SolarRadiation","geographic.area/plot.name","age.greater.than.100","mod.int",TRUE,6.548e-08,263,0.2082,0.8311,0.1633,-0.0395,0,0
"ANPP","TempSeasonality","PotentialEvapotranspiration","geographic.area/plot.name","age.greater.than.100","mod.add",TRUE,7.3e-16,259,0.4122,0.8332,0.278,-0.0408,-5e-04,NA
"ANPP_foliage","TempSeasonality","PotentialEvapotranspiration","geographic.area/plot.name","age.greater.than.100","mod.add",TRUE,3.22e-11,99,0.5591,0.8173,0.9029,-0.0178,4e-04,NA
"ANPP_woody_stem","TempSeasonality","PotentialEvapotranspiration","geographic.area/plot.name","age.greater.than.100","mod.add",TRUE,6.331e-08,263,0.2012,0.8325,1.424,-0.0141,1e-04,NA
"ANPP","TempSeasonality","VapourPressureDeficit","geographic.area/plot.name","age.greater.than.100","mod.add",TRUE,9.917e-16,259,0.4067,0.8333,0.06676,-0.0385,-0.1403,NA
"ANPP_foliage","TempSeasonality","VapourPressureDeficit","geographic.area/plot.name","age.greater.than.100","mod.int",TRUE,5.096e-12,99,0.5925,0.8116,1.142,-0.0043,1.8989,-0.0294
"ANPP_woody_stem","TempSeasonality","VapourPressureDeficit","geographic.area/plot.name","age.greater.than.100","mod.add",TRUE,4.694e-08,263,0.2099,0.8306,1.832,-0.013,0.4097,NA
"ANPP","TempSeasonality","PreSeasonality","geographic.area/plot.name","age.greater.than.100","mod.add",TRUE,7.356e-16,259,0.4085,0.8352,1.456,-0.0375,0.0049,NA
"ANPP_foliage","TempSeasonality","PreSeasonality","geographic.area/plot.name","age.greater.than.100","mod.add",TRUE,4.057e-11,99,0.5608,0.8191,2.311,-0.0203,-0.002,NA
"ANPP_woody_stem","TempSeasonality","PreSeasonality","geographic.area/plot.name","age.greater.than.100","mod.add",TRUE,1.136e-08,263,0.2155,0.8341,1.81,-0.0138,0.007,NA
"ANPP","SolarRadiation","mat","geographic.area/plot.name","age.greater.than.100","mod.add",TRUE,6.259e-16,202,0.4694,0.8399,1.935,0,0.2171,NA
"ANPP_foliage","SolarRadiation","mat","geographic.area/plot.name","age.greater.than.100","mod.add",TRUE,1.595e-11,69,0.6531,0.8239,2.498,0,0.1212,NA
"ANPP_woody_stem","SolarRadiation","mat","geographic.area/plot.name","age.greater.than.100","mod.add",TRUE,4.365e-09,232,0.2402,0.8801,2.099,0,0.0821,NA
"ANPP","SolarRadiation","map","geographic.area/plot.name","age.greater.than.100","mod.add",TRUE,2.327e-09,204,0.2859,0.8848,0.9514,0,-2e-04,NA
"ANPP_foliage","SolarRadiation","map","geographic.area/plot.name","age.greater.than.100","mod.add",TRUE,5.612e-05,75,0.3679,0.8042,0.7107,0,1e-04,NA
"ANPP_woody_stem","SolarRadiation","map","geographic.area/plot.name","age.greater.than.100","mod.add",TRUE,3.692e-06,234,0.1547,0.8964,2.099,0,1e-04,NA
"ANPP","SolarRadiation","TempSeasonality","geographic.area/plot.name","age.greater.than.100","mod.add",TRUE,9.907e-16,259,0.4055,0.8336,1.888,0,-0.0373,NA
"ANPP_foliage","SolarRadiation","TempSeasonality","geographic.area/plot.name","age.greater.than.100","mod.add",TRUE,4.064e-11,99,0.5578,0.8169,2.321,0,-0.0192,NA
"ANPP_woody_stem","SolarRadiation","TempSeasonality","geographic.area/plot.name","age.greater.than.100","mod.int",TRUE,6.548e-08,263,0.2082,0.8311,0.1633,0,-0.0395,0
"ANPP","SolarRadiation","PotentialEvapotranspiration","geographic.area/plot.name","age.greater.than.100","mod.int",TRUE,3.027e-10,259,0.2794,0.851,10.29,0,0.0096,0
"ANPP_foliage","SolarRadiation","PotentialEvapotranspiration","geographic.area/plot.name","age.greater.than.100","mod.add",TRUE,4.948e-07,99,0.3474,0.8102,0.7102,0,0.0026,NA
"ANPP_woody_stem","SolarRadiation","PotentialEvapotranspiration","geographic.area/plot.name","age.greater.than.100","mod.int",TRUE,1.003e-06,263,0.1671,0.8343,3.949,0,0.0042,0
"ANPP","SolarRadiation","VapourPressureDeficit","geographic.area/plot.name","age.greater.than.100","mod.int",TRUE,1.612e-10,259,0.2692,0.841,11.62,0,18.6362,0
"ANPP_foliage","SolarRadiation","VapourPressureDeficit","geographic.area/plot.name","age.greater.than.100","mod.add",TRUE,1.251e-07,99,0.3659,0.7845,1.68,0,2.245,NA
"ANPP_woody_stem","SolarRadiation","VapourPressureDeficit","geographic.area/plot.name","age.greater.than.100","mod.int",TRUE,1.412e-06,263,0.1731,0.8281,1.469,0,5.7668,0
"ANPP","SolarRadiation","PreSeasonality","geographic.area/plot.name","age.greater.than.100","mod.add",TRUE,3.116e-08,259,0.2154,0.8572,2.126,0,-0.0019,NA
"ANPP_foliage","SolarRadiation","PreSeasonality","geographic.area/plot.name","age.greater.than.100","mod.add",TRUE,2.198e-05,99,0.3204,0.8097,2.364,0,-0.0064,NA
"ANPP_woody_stem","SolarRadiation","PreSeasonality","geographic.area/plot.name","age.greater.than.100","mod.add",TRUE,3.219e-06,263,0.1506,0.8425,0.6712,0,0.0044,NA
"ANPP","PotentialEvapotranspiration","mat","geographic.area/plot.name","age.greater.than.100","mod.add",TRUE,5.253e-17,202,0.4986,0.8412,0.2374,-0.002,0.2376,NA
"ANPP_foliage","PotentialEvapotranspiration","mat","geographic.area/plot.name","age.greater.than.100","mod.add",TRUE,1.29e-11,69,0.6565,0.8148,2.457,-0.0011,0.1328,NA
"ANPP_woody_stem","PotentialEvapotranspiration","mat","geographic.area/plot.name","age.greater.than.100","mod.int",TRUE,3.546e-09,232,0.2248,0.8872,0.257,8e-04,0.145,-1e-04
"ANPP","PotentialEvapotranspiration","map","geographic.area/plot.name","age.greater.than.100","mod.add",TRUE,4.906e-07,204,0.228,0.8742,1.316,0.0026,0,NA
"ANPP_foliage","PotentialEvapotranspiration","map","geographic.area/plot.name","age.greater.than.100","mod.add",TRUE,9.469e-07,75,0.4297,0.7977,2.493,0.0021,1e-04,NA
"ANPP_woody_stem","PotentialEvapotranspiration","map","geographic.area/plot.name","age.greater.than.100","mod.add",TRUE,8.504e-06,234,0.1698,0.8962,2.094,9e-04,1e-04,NA
"ANPP","PotentialEvapotranspiration","TempSeasonality","geographic.area/plot.name","age.greater.than.100","mod.add",TRUE,7.3e-16,259,0.4122,0.8332,0.278,-5e-04,-0.0408,NA
"ANPP_foliage","PotentialEvapotranspiration","TempSeasonality","geographic.area/plot.name","age.greater.than.100","mod.add",TRUE,3.22e-11,99,0.5591,0.8173,0.9029,4e-04,-0.0178,NA
"ANPP_woody_stem","PotentialEvapotranspiration","TempSeasonality","geographic.area/plot.name","age.greater.than.100","mod.add",TRUE,6.331e-08,263,0.2012,0.8325,1.424,1e-04,-0.0141,NA
"ANPP","PotentialEvapotranspiration","SolarRadiation","geographic.area/plot.name","age.greater.than.100","mod.int",TRUE,3.027e-10,259,0.2794,0.851,10.29,0.0096,0,0
"ANPP_foliage","PotentialEvapotranspiration","SolarRadiation","geographic.area/plot.name","age.greater.than.100","mod.add",TRUE,4.948e-07,99,0.3474,0.8102,0.7102,0.0026,0,NA
"ANPP_woody_stem","PotentialEvapotranspiration","SolarRadiation","geographic.area/plot.name","age.greater.than.100","mod.int",TRUE,1.003e-06,263,0.1671,0.8343,3.949,0.0042,0,0
"ANPP","PotentialEvapotranspiration","VapourPressureDeficit","geographic.area/plot.name","age.greater.than.100","mod.int",TRUE,5.464e-08,259,0.3088,0.8745,6.654,0.0062,9.1673,-0.0072
"ANPP_foliage","PotentialEvapotranspiration","VapourPressureDeficit","geographic.area/plot.name","age.greater.than.100","mod.int",TRUE,7.665e-08,99,0.4127,0.7938,1.994,0.0028,6.3133,-0.0035
"ANPP_woody_stem","PotentialEvapotranspiration","VapourPressureDeficit","geographic.area/plot.name","age.greater.than.100","mod.int",TRUE,3.8e-06,263,0.2603,0.8506,2.653,0.0019,4.2856,-0.0026
"ANPP","PotentialEvapotranspiration","PreSeasonality","geographic.area/plot.name","age.greater.than.100","mod.add",TRUE,1.017e-06,259,0.1831,0.86,2.078,0.0024,0.0024,NA
"ANPP_foliage","PotentialEvapotranspiration","PreSeasonality","geographic.area/plot.name","age.greater.than.100","mod.add",TRUE,8.477e-08,99,0.4152,0.809,0.3124,0.0024,-0.0104,NA
"ANPP_woody_stem","PotentialEvapotranspiration","PreSeasonality","geographic.area/plot.name","age.greater.than.100","mod.add",TRUE,6.918e-06,263,0.1659,0.8447,1.839,8e-04,0.0054,NA
"ANPP","VapourPressureDeficit","mat","geographic.area/plot.name","age.greater.than.100","mod.int",TRUE,5.341e-16,202,0.4597,0.8473,0.4509,1.4413,0.2758,-0.1701
"ANPP_foliage","VapourPressureDeficit","mat","geographic.area/plot.name","age.greater.than.100","mod.add",TRUE,5.911e-11,69,0.6338,0.8105,2.165,0.0887,0.097,NA
"ANPP_woody_stem","VapourPressureDeficit","mat","geographic.area/plot.name","age.greater.than.100","mod.int",TRUE,7.233e-09,232,0.2022,0.8909,0.3504,2.0674,0.1162,-0.1021
"ANPP","VapourPressureDeficit","map","geographic.area/plot.name","age.greater.than.100","mod.add",TRUE,1.487e-05,204,0.1642,0.8464,1.795,2.8526,1e-04,NA
"ANPP_foliage","VapourPressureDeficit","map","geographic.area/plot.name","age.greater.than.100","mod.add",TRUE,4.624e-07,75,0.4237,0.7497,2.51,3.0504,1e-04,NA
"ANPP_woody_stem","VapourPressureDeficit","map","geographic.area/plot.name","age.greater.than.100","mod.add",TRUE,8.266e-06,234,0.1736,0.8828,0.9321,1.1692,1e-04,NA
"ANPP","VapourPressureDeficit","TempSeasonality","geographic.area/plot.name","age.greater.than.100","mod.add",TRUE,9.917e-16,259,0.4067,0.8333,0.06676,-0.1403,-0.0385,NA
"ANPP_foliage","VapourPressureDeficit","TempSeasonality","geographic.area/plot.name","age.greater.than.100","mod.int",TRUE,5.096e-12,99,0.5925,0.8116,1.142,1.8989,-0.0043,-0.0294
"ANPP_woody_stem","VapourPressureDeficit","TempSeasonality","geographic.area/plot.name","age.greater.than.100","mod.add",TRUE,4.694e-08,263,0.2099,0.8306,1.832,0.4097,-0.013,NA
"ANPP","VapourPressureDeficit","SolarRadiation","geographic.area/plot.name","age.greater.than.100","mod.int",TRUE,1.612e-10,259,0.2692,0.841,11.62,18.6362,0,0
"ANPP_foliage","VapourPressureDeficit","SolarRadiation","geographic.area/plot.name","age.greater.than.100","mod.add",TRUE,1.251e-07,99,0.3659,0.7845,1.68,2.245,0,NA
"ANPP_woody_stem","VapourPressureDeficit","SolarRadiation","geographic.area/plot.name","age.greater.than.100","mod.int",TRUE,1.412e-06,263,0.1731,0.8281,1.469,5.7668,0,0
"ANPP","VapourPressureDeficit","PotentialEvapotranspiration","geographic.area/plot.name","age.greater.than.100","mod.int",TRUE,5.464e-08,259,0.3088,0.8745,6.654,9.1673,0.0062,-0.0072
"ANPP_foliage","VapourPressureDeficit","PotentialEvapotranspiration","geographic.area/plot.name","age.greater.than.100","mod.int",TRUE,7.665e-08,99,0.4127,0.7938,1.994,6.3133,0.0028,-0.0035
"ANPP_woody_stem","VapourPressureDeficit","PotentialEvapotranspiration","geographic.area/plot.name","age.greater.than.100","mod.int",TRUE,3.8e-06,263,0.2603,0.8506,2.653,4.2856,0.0019,-0.0026
"ANPP","VapourPressureDeficit","PreSeasonality","geographic.area/plot.name","age.greater.than.100","mod.add",TRUE,1.143e-05,259,0.1398,0.8564,1.044,2.7534,0.0079,NA
"ANPP_foliage","VapourPressureDeficit","PreSeasonality","geographic.area/plot.name","age.greater.than.100","mod.add",TRUE,3.652e-07,99,0.3382,0.7785,0.1772,3.27,-0.0074,NA
"ANPP_woody_stem","VapourPressureDeficit","PreSeasonality","geographic.area/plot.name","age.greater.than.100","mod.add",TRUE,5.61e-06,263,0.1703,0.8393,0.3903,1.0423,0.0064,NA
"ANPP","PreSeasonality","mat","geographic.area/plot.name","age.greater.than.100","mod.int",TRUE,3.096e-16,202,0.4649,0.8579,5.6,0.0423,0.271,-0.0022
"ANPP_foliage","PreSeasonality","mat","geographic.area/plot.name","age.greater.than.100","mod.add",TRUE,1.575e-11,69,0.6576,0.8227,2.491,-0.0072,0.1012,NA
"ANPP_woody_stem","PreSeasonality","mat","geographic.area/plot.name","age.greater.than.100","mod.add",TRUE,4.342e-09,232,0.2325,0.8851,0.3598,0.0036,0.0678,NA
"ANPP","PreSeasonality","map","geographic.area/plot.name","age.greater.than.100","mod.add",TRUE,8.32e-05,204,0.164,0.886,1.819,0.0217,0,NA
"ANPP_foliage","PreSeasonality","map","geographic.area/plot.name","age.greater.than.100","mod.add",FALSE,0.06695,75,0.09487,0.7719,2.393,0.0048,2e-04,NA
"ANPP_woody_stem","PreSeasonality","map","geographic.area/plot.name","age.greater.than.100","mod.int",TRUE,9.486e-06,234,0.1368,0.8981,1.914,-0.0034,-1e-04,0
"ANPP","PreSeasonality","TempSeasonality","geographic.area/plot.name","age.greater.than.100","mod.add",TRUE,7.356e-16,259,0.4085,0.8352,1.456,0.0049,-0.0375,NA
"ANPP_foliage","PreSeasonality","TempSeasonality","geographic.area/plot.name","age.greater.than.100","mod.add",TRUE,4.057e-11,99,0.5608,0.8191,2.311,-0.002,-0.0203,NA
"ANPP_woody_stem","PreSeasonality","TempSeasonality","geographic.area/plot.name","age.greater.than.100","mod.add",TRUE,1.136e-08,263,0.2155,0.8341,1.81,0.007,-0.0138,NA
"ANPP","PreSeasonality","SolarRadiation","geographic.area/plot.name","age.greater.than.100","mod.add",TRUE,3.116e-08,259,0.2154,0.8572,2.126,-0.0019,0,NA
"ANPP_foliage","PreSeasonality","SolarRadiation","geographic.area/plot.name","age.greater.than.100","mod.add",TRUE,2.198e-05,99,0.3204,0.8097,2.364,-0.0064,0,NA
"ANPP_woody_stem","PreSeasonality","SolarRadiation","geographic.area/plot.name","age.greater.than.100","mod.add",TRUE,3.219e-06,263,0.1506,0.8425,0.6712,0.0044,0,NA
"ANPP","PreSeasonality","PotentialEvapotranspiration","geographic.area/plot.name","age.greater.than.100","mod.add",TRUE,1.017e-06,259,0.1831,0.86,2.078,0.0024,0.0024,NA
"ANPP_foliage","PreSeasonality","PotentialEvapotranspiration","geographic.area/plot.name","age.greater.than.100","mod.add",TRUE,8.477e-08,99,0.4152,0.809,0.3124,-0.0104,0.0024,NA
"ANPP_woody_stem","PreSeasonality","PotentialEvapotranspiration","geographic.area/plot.name","age.greater.than.100","mod.add",TRUE,6.918e-06,263,0.1659,0.8447,1.839,0.0054,8e-04,NA
"ANPP","PreSeasonality","VapourPressureDeficit","geographic.area/plot.name","age.greater.than.100","mod.add",TRUE,1.143e-05,259,0.1398,0.8564,1.044,0.0079,2.7534,NA
"ANPP_foliage","PreSeasonality","VapourPressureDeficit","geographic.area/plot.name","age.greater.than.100","mod.add",TRUE,3.652e-07,99,0.3382,0.7785,0.1772,-0.0074,3.27,NA
"ANPP_woody_stem","PreSeasonality","VapourPressureDeficit","geographic.area/plot.name","age.greater.than.100","mod.add",TRUE,5.61e-06,263,0.1703,0.8393,0.3903,0.0064,1.0423,NA
"R_auto","mat","map","geographic.area/plot.name","age.greater.than.100","mod.add",TRUE,1.742e-05,14,0.8414,0.9501,10.89,0.4523,0.0013,NA
"R_auto_root","mat","map","geographic.area/plot.name","age.greater.than.100","mod.int",TRUE,0.002544,46,0.4213,0.8579,1.327,0.0099,-8e-04,1e-04
"R_auto","mat","TempSeasonality","geographic.area/plot.name","age.greater.than.100","mod.add",TRUE,4.244e-05,14,0.8156,0.9472,11.04,0.5302,0.0058,NA
"R_auto_root","mat","TempSeasonality","geographic.area/plot.name","age.greater.than.100","mod.int",TRUE,0.01192,46,0.3031,0.8497,1.726,0.0962,-0.0146,-0.0012
"R_auto","mat","SolarRadiation","geographic.area/plot.name","age.greater.than.100","mod.int",TRUE,3.756e-08,14,0.9472,0.9472,5.276,3.9431,1e-04,0
"R_auto_root","mat","SolarRadiation","geographic.area/plot.name","age.greater.than.100","mod.add",TRUE,0.03397,46,0.2116,0.8537,2.942,0.1379,0,NA
"R_auto","mat","PotentialEvapotranspiration","geographic.area/plot.name","age.greater.than.100","mod.add",TRUE,4.17e-05,14,0.8154,0.9479,9.608,0.5331,-0.001,NA
"R_auto_root","mat","PotentialEvapotranspiration","geographic.area/plot.name","age.greater.than.100","mod.add",TRUE,0.04064,46,0.1982,0.8545,2.394,0.1296,-7e-04,NA
"R_auto","mat","VapourPressureDeficit","geographic.area/plot.name","age.greater.than.100","mod.add",TRUE,4.057e-05,14,0.8136,0.9467,10.4,0.4613,1.5971,NA
"R_auto_root","mat","VapourPressureDeficit","geographic.area/plot.name","age.greater.than.100","mod.add",TRUE,0.03746,46,0.2073,0.8551,2.746,0.0866,1.1546,NA
"R_auto","mat","PreSeasonality","geographic.area/plot.name","age.greater.than.100","mod.int",TRUE,2.245e-07,14,0.9289,0.9502,1.513,1.2496,0.2633,-0.015
"R_auto_root","mat","PreSeasonality","geographic.area/plot.name","age.greater.than.100","mod.add",TRUE,0.03289,46,0.2151,0.8528,1.515,0.1139,-0.0092,NA
"R_auto","map","mat","geographic.area/plot.name","age.greater.than.100","mod.add",TRUE,1.742e-05,14,0.8414,0.9501,10.89,0.0013,0.4523,NA
"R_auto_root","map","mat","geographic.area/plot.name","age.greater.than.100","mod.int",TRUE,0.002544,46,0.4213,0.8579,1.327,-8e-04,0.0099,1e-04
"R_auto","map","TempSeasonality","geographic.area/plot.name","age.greater.than.100","mod.add",TRUE,0.0001019,14,0.7875,0.9387,8.219,7e-04,-0.0871,NA
"R_auto_root","map","TempSeasonality","geographic.area/plot.name","age.greater.than.100","mod.int",TRUE,0.0004288,54,0.4735,0.8563,8.343,7e-04,-0.0064,0
"R_auto","map","SolarRadiation","geographic.area/plot.name","age.greater.than.100","mod",TRUE,0.002673,14,0.5884,0.9287,4.435,NA,NA,NA
"R_auto_root","map","SolarRadiation","geographic.area/plot.name","age.greater.than.100","mod.int",TRUE,0.0181,54,0.3102,0.8688,2.179,0.0045,0,0
"R_auto","map","PotentialEvapotranspiration","geographic.area/plot.name","age.greater.than.100","mod.add",TRUE,0.000138,14,0.7702,0.9464,9.068,0.0015,0.0119,NA
"R_auto_root","map","PotentialEvapotranspiration","geographic.area/plot.name","age.greater.than.100","mod",TRUE,0.03156,54,0.1995,0.8624,1.548,NA,NA,NA
"R_auto","map","VapourPressureDeficit","geographic.area/plot.name","age.greater.than.100","mod.add",TRUE,8.565e-05,14,0.7889,0.9414,12.12,0.0017,14.0331,NA
"R_auto_root","map","VapourPressureDeficit","geographic.area/plot.name","age.greater.than.100","mod",TRUE,0.03156,54,0.1995,0.8624,2.693,NA,NA,NA
"R_auto","map","PreSeasonality","geographic.area/plot.name","age.greater.than.100","mod",TRUE,0.002673,14,0.5884,0.9287,2.431,NA,NA,NA
"R_auto_root","map","PreSeasonality","geographic.area/plot.name","age.greater.than.100","mod.int",TRUE,0.02027,54,0.3328,0.8712,0.4231,0.0018,0.0192,0
"R_auto","TempSeasonality","mat","geographic.area/plot.name","age.greater.than.100","mod.add",TRUE,4.244e-05,14,0.8156,0.9472,11.04,0.0058,0.5302,NA
"R_auto_root","TempSeasonality","mat","geographic.area/plot.name","age.greater.than.100","mod.int",TRUE,0.01192,46,0.3031,0.8497,1.726,-0.0146,0.0962,-0.0012
"R_auto","TempSeasonality","map","geographic.area/plot.name","age.greater.than.100","mod.add",TRUE,0.0001019,14,0.7875,0.9387,8.219,-0.0871,7e-04,NA
"R_auto_root","TempSeasonality","map","geographic.area/plot.name","age.greater.than.100","mod.int",TRUE,0.0004288,54,0.4735,0.8563,8.343,-0.0064,7e-04,0
"R_auto","TempSeasonality","SolarRadiation","geographic.area/plot.name","age.greater.than.100","mod.add",TRUE,0.002175,22,0.5503,0.9035,3.522,-0.084,0,NA
"R_auto_root","TempSeasonality","SolarRadiation","geographic.area/plot.name","age.greater.than.100","mod.add",TRUE,0.01753,58,0.2413,0.8729,2.293,-0.0212,0,NA
"R_auto","TempSeasonality","PotentialEvapotranspiration","geographic.area/plot.name","age.greater.than.100","mod.add",TRUE,0.002521,22,0.5414,0.9041,5.069,-0.0742,0.0066,NA
"R_auto_root","TempSeasonality","PotentialEvapotranspiration","geographic.area/plot.name","age.greater.than.100","mod.int",TRUE,0.004149,58,0.3113,0.8634,2.475,0.0221,0.0018,-1e-04
"R_auto","TempSeasonality","VapourPressureDeficit","geographic.area/plot.name","age.greater.than.100","mod.add",TRUE,0.002947,22,0.5371,0.9038,5.059,-0.0864,5.4528,NA
"R_auto_root","TempSeasonality","VapourPressureDeficit","geographic.area/plot.name","age.greater.than.100","mod.int",TRUE,0.0004946,58,0.4046,0.859,7.717,0.0248,4.3393,-0.11
"R_auto","TempSeasonality","PreSeasonality","geographic.area/plot.name","age.greater.than.100","mod.int",TRUE,0.0003025,22,0.6732,0.9053,2.695,-0.389,-0.1845,0.0058
"R_auto_root","TempSeasonality","PreSeasonality","geographic.area/plot.name","age.greater.than.100","mod.add",TRUE,0.02278,58,0.2115,0.871,1.414,-0.0183,-0.0039,NA
"R_auto","SolarRadiation","mat","geographic.area/plot.name","age.greater.than.100","mod.int",TRUE,3.756e-08,14,0.9472,0.9472,5.276,1e-04,3.9431,0
"R_auto_root","SolarRadiation","mat","geographic.area/plot.name","age.greater.than.100","mod.add",TRUE,0.03397,46,0.2116,0.8537,2.942,0,0.1379,NA
"R_auto","SolarRadiation","map","geographic.area/plot.name","age.greater.than.100","mod",TRUE,0.0004909,14,0.6909,0.9418,4.435,NA,NA,NA
"R_auto_root","SolarRadiation","map","geographic.area/plot.name","age.greater.than.100","mod.int",TRUE,0.0181,54,0.3102,0.8688,2.179,0,0.0045,0
"R_auto","SolarRadiation","TempSeasonality","geographic.area/plot.name","age.greater.than.100","mod.add",TRUE,0.002175,22,0.5503,0.9035,3.522,0,-0.084,NA
"R_auto_root","SolarRadiation","TempSeasonality","geographic.area/plot.name","age.greater.than.100","mod.add",TRUE,0.01753,58,0.2413,0.8729,2.293,0,-0.0212,NA
"R_auto","SolarRadiation","PotentialEvapotranspiration","geographic.area/plot.name","age.greater.than.100","mod.int",TRUE,0.0002726,22,0.6867,0.8895,4.385,3e-04,0.1495,0
"R_auto_root","SolarRadiation","PotentialEvapotranspiration","geographic.area/plot.name","age.greater.than.100","mod",FALSE,0.5016,58,0.02746,0.8795,4.053,NA,NA,NA
"R_auto","SolarRadiation","VapourPressureDeficit","geographic.area/plot.name","age.greater.than.100","mod.int",TRUE,0.0001181,22,0.7333,0.8974,7,2e-04,190.9734,-3e-04
"R_auto_root","SolarRadiation","VapourPressureDeficit","geographic.area/plot.name","age.greater.than.100","mod",FALSE,0.5016,58,0.02746,0.8795,4.669,NA,NA,NA
"R_auto","SolarRadiation","PreSeasonality","geographic.area/plot.name","age.greater.than.100","mod.add",TRUE,0.006633,22,0.508,0.9086,4.13,1e-04,-0.1305,NA
"R_auto_root","SolarRadiation","PreSeasonality","geographic.area/plot.name","age.greater.than.100","mod",FALSE,0.5016,58,0.02746,0.8795,2.678,NA,NA,NA
"R_auto","PotentialEvapotranspiration","mat","geographic.area/plot.name","age.greater.than.100","mod.add",TRUE,4.17e-05,14,0.8154,0.9479,9.608,-0.001,0.5331,NA
"R_auto_root","PotentialEvapotranspiration","mat","geographic.area/plot.name","age.greater.than.100","mod.add",TRUE,0.04064,46,0.1982,0.8545,2.394,-7e-04,0.1296,NA
"R_auto","PotentialEvapotranspiration","map","geographic.area/plot.name","age.greater.than.100","mod.add",TRUE,0.000138,14,0.7702,0.9464,9.068,0.0119,0.0015,NA
"R_auto_root","PotentialEvapotranspiration","map","geographic.area/plot.name","age.greater.than.100","mod",FALSE,0.6017,54,0.01878,0.8714,1.548,NA,NA,NA
"R_auto","PotentialEvapotranspiration","TempSeasonality","geographic.area/plot.name","age.greater.than.100","mod.add",TRUE,0.002521,22,0.5414,0.9041,5.069,0.0066,-0.0742,NA
"R_auto_root","PotentialEvapotranspiration","TempSeasonality","geographic.area/plot.name","age.greater.than.100","mod.int",TRUE,0.004149,58,0.3113,0.8634,2.475,0.0018,0.0221,-1e-04
"R_auto","PotentialEvapotranspiration","SolarRadiation","geographic.area/plot.name","age.greater.than.100","mod.int",TRUE,0.0002726,22,0.6867,0.8895,4.385,0.1495,3e-04,0
"R_auto_root","PotentialEvapotranspiration","SolarRadiation","geographic.area/plot.name","age.greater.than.100","mod",FALSE,0.4341,58,0.02899,0.8785,4.053,NA,NA,NA
"R_auto","PotentialEvapotranspiration","VapourPressureDeficit","geographic.area/plot.name","age.greater.than.100","mod.int",TRUE,0.0007201,22,0.6571,0.8979,2.252,0.0297,80.2166,-0.0523
"R_auto_root","PotentialEvapotranspiration","VapourPressureDeficit","geographic.area/plot.name","age.greater.than.100","mod",FALSE,0.4341,58,0.02899,0.8785,4.839,NA,NA,NA
"R_auto","PotentialEvapotranspiration","PreSeasonality","geographic.area/plot.name","age.greater.than.100","mod.add",TRUE,0.004958,22,0.5182,0.9092,0.5396,0.017,-0.0739,NA
"R_auto_root","PotentialEvapotranspiration","PreSeasonality","geographic.area/plot.name","age.greater.than.100","mod",FALSE,0.4341,58,0.02899,0.8785,1.659,NA,NA,NA
"R_auto","VapourPressureDeficit","mat","geographic.area/plot.name","age.greater.than.100","mod.add",TRUE,4.057e-05,14,0.8136,0.9467,10.4,1.5971,0.4613,NA
"R_auto_root","VapourPressureDeficit","mat","geographic.area/plot.name","age.greater.than.100","mod.add",TRUE,0.03746,46,0.2073,0.8551,2.746,1.1546,0.0866,NA
"R_auto","VapourPressureDeficit","map","geographic.area/plot.name","age.greater.than.100","mod.add",TRUE,8.565e-05,14,0.7889,0.9414,12.12,14.0331,0.0017,NA
"R_auto_root","VapourPressureDeficit","map","geographic.area/plot.name","age.greater.than.100","mod",FALSE,0.644,54,0.01668,0.8719,2.693,NA,NA,NA
"R_auto","VapourPressureDeficit","TempSeasonality","geographic.area/plot.name","age.greater.than.100","mod.add",TRUE,0.002947,22,0.5371,0.9038,5.059,5.4528,-0.0864,NA
"R_auto_root","VapourPressureDeficit","TempSeasonality","geographic.area/plot.name","age.greater.than.100","mod.int",TRUE,0.0004946,58,0.4046,0.859,7.717,4.3393,0.0248,-0.11
"R_auto","VapourPressureDeficit","SolarRadiation","geographic.area/plot.name","age.greater.than.100","mod.int",TRUE,0.0001181,22,0.7333,0.8974,7,190.9734,2e-04,-3e-04
"R_auto_root","VapourPressureDeficit","SolarRadiation","geographic.area/plot.name","age.greater.than.100","mod",FALSE,0.4494,58,0.02827,0.8789,4.669,NA,NA,NA
"R_auto","VapourPressureDeficit","PotentialEvapotranspiration","geographic.area/plot.name","age.greater.than.100","mod.int",TRUE,0.0007201,22,0.6571,0.8979,2.252,80.2166,0.0297,-0.0523
"R_auto_root","VapourPressureDeficit","PotentialEvapotranspiration","geographic.area/plot.name","age.greater.than.100","mod",FALSE,0.4494,58,0.02827,0.8789,4.839,NA,NA,NA
"R_auto","VapourPressureDeficit","PreSeasonality","geographic.area/plot.name","age.greater.than.100","mod.int",TRUE,0.000557,22,0.6577,0.9056,4.126,64.3542,0.4131,-0.7974
"R_auto_root","VapourPressureDeficit","PreSeasonality","geographic.area/plot.name","age.greater.than.100","mod",FALSE,0.4494,58,0.02827,0.8789,2.93,NA,NA,NA
"R_auto","PreSeasonality","mat","geographic.area/plot.name","age.greater.than.100","mod.int",TRUE,2.245e-07,14,0.9289,0.9502,1.513,0.2633,1.2496,-0.015
"R_auto_root","PreSeasonality","mat","geographic.area/plot.name","age.greater.than.100","mod.add",TRUE,0.03289,46,0.2151,0.8528,1.515,-0.0092,0.1139,NA
"R_auto","PreSeasonality","map","geographic.area/plot.name","age.greater.than.100","mod",TRUE,0.01404,14,0.4687,0.9229,2.431,NA,NA,NA
"R_auto_root","PreSeasonality","map","geographic.area/plot.name","age.greater.than.100","mod.int",TRUE,0.02027,54,0.3328,0.8712,0.4231,0.0192,0.0018,0
"R_auto","PreSeasonality","TempSeasonality","geographic.area/plot.name","age.greater.than.100","mod.int",TRUE,0.0003025,22,0.6732,0.9053,2.695,-0.1845,-0.389,0.0058
"R_auto_root","PreSeasonality","TempSeasonality","geographic.area/plot.name","age.greater.than.100","mod.add",TRUE,0.02278,58,0.2115,0.871,1.414,-0.0039,-0.0183,NA
"R_auto","PreSeasonality","SolarRadiation","geographic.area/plot.name","age.greater.than.100","mod.add",TRUE,0.006633,22,0.508,0.9086,4.13,-0.1305,1e-04,NA
"R_auto_root","PreSeasonality","SolarRadiation","geographic.area/plot.name","age.greater.than.100","mod",FALSE,0.433,58,0.06711,0.8814,2.678,NA,NA,NA
"R_auto","PreSeasonality","PotentialEvapotranspiration","geographic.area/plot.name","age.greater.than.100","mod.add",TRUE,0.004958,22,0.5182,0.9092,0.5396,-0.0739,0.017,NA
"R_auto_root","PreSeasonality","PotentialEvapotranspiration","geographic.area/plot.name","age.greater.than.100","mod",FALSE,0.433,58,0.06711,0.8814,1.659,NA,NA,NA
"R_auto","PreSeasonality","VapourPressureDeficit","geographic.area/plot.name","age.greater.than.100","mod.int",TRUE,0.000557,22,0.6577,0.9056,4.126,0.4131,64.3542,-0.7974
"R_auto_root","PreSeasonality","VapourPressureDeficit","geographic.area/plot.name","age.greater.than.100","mod",FALSE,0.433,58,0.06711,0.8814,2.93,NA,NA,NA
