"","site_plot","citation.ID","stand.age","measurement.ID","sites.sitename","plot.name","dominant.life.form","dominant.veg","variable.name.x","date.x","start.date.x","end.date.x","ANPP","min.dbh","required.citations","ForC.investigator","country","lat","lon","masl","mat","map","geographic.area","biogeog","Koeppen","FAO.ecozone","plot.area","year.establishment.oldest.trees","regrowth.type","regrowth.year","distmrs.type","distmrs.yr","managed","disturbed","history.no.info","biomes","variable.name.y","date.y","start.date.y","end.date.y","BNPP_root_fine"
"1","Agua Pudre plot E AGP-01 unmanaged primary forest","Aragao_2009_aabn",999,56,"Agua Pudre plot E AGP-01","unmanaged primary forest","woody","2TEB","ANPP",NA,"2004","2006",7.896,"NAC","Anderson-Teixeira_2016_cdom; Anderson-Teixeira_2018_fagd","Dr. Kristina J. Anderson-Teixeira, Smithsonian Institution, teixeirak@si.edu","Colombia",-3.73,-70.4,105,25.5,2723,"6","Neotropics","Af","Tropical rainforest","1","NAC","NAC","NAC","No disturbance","NI",0,0,0,"tropical","BNPP_root_fine",NA,"2004","2006",2.068
"2","Agua Pudre plot U AGP-02 unmanaged primary forest","Aragao_2009_aabn",999,66,"Agua Pudre plot U AGP-02","unmanaged primary forest","woody","2TEB","ANPP",NA,"2004","2006",8.084,"NAC","Anderson-Teixeira_2016_cdom; Anderson-Teixeira_2018_fagd","Dr. Kristina J. Anderson-Teixeira, Smithsonian Institution, teixeirak@si.edu","Colombia",-3.72,-70.3,110,25.5,2723,"6","Neotropics","Af","Tropical rainforest","1","NAC","NAC","NAC","No disturbance","NI",0,0,0,"tropical","BNPP_root_fine",NA,"2004","2006",2.068
"3","Aheden unmanaged","Schulze_2000_tcan",180,92,"Aheden","unmanaged","woody","2TDB","ANPP","1995",NA,NA,1.25,"NAC","Anderson-Teixeira_2018_fagd","Dr. Kristina J. Anderson-Teixeira, Smithsonian Institution, teixeirak@si.edu","Sweden",64.21,19.5,175,1,588,"9","Palearctic","Dfc","Boreal coniferous forest","NAC","1815","NAC","NAC","NAC","NAC",0,1,0,"boreal","BNPP_root_fine","1995",NA,NA,0.86
"4","Aheden unmanaged","Schulze_2000_tcan",180,95,"Aheden","unmanaged","woody","2TDB","ANPP","1995",NA,NA,1.87,"NAC","Anderson-Teixeira_2018_fagd","Dr. Kristina J. Anderson-Teixeira, Smithsonian Institution, teixeirak@si.edu","Sweden",64.21,19.5,175,1,588,"9","Palearctic","Dfc","Boreal coniferous forest","NAC","1815","NAC","NAC","NAC","NAC",0,1,0,"boreal","BNPP_root_fine","1995",NA,NA,0.86
"5","Andrews 10 unmanaged","Luyssaert_2007_cbob",552,365,"Andrews 10","unmanaged","woody","2TEN","ANPP","2001",NA,NA,3.76,"NAC","Anderson-Teixeira_2018_fagd","Dr. Kristina J. Anderson-Teixeira, Smithsonian Institution, teixeirak@si.edu","United States of America",44.2479,-122.2008,785,NA,NA,"39","Nearctic","Csb","Temperate mountain system","NAC","1449","Initiation of post-disturbance cohort (natural)","1449","NAC","NAC",0,0,0,"temperate","BNPP_root_fine","2001",NA,NA,0.76
"6","Andrews 10 unmanaged","Luyssaert_2007_cbob",552,362,"Andrews 10","unmanaged","woody","2TEN","ANPP","2001",NA,NA,3.4,"NAC","Anderson-Teixeira_2018_fagd","Dr. Kristina J. Anderson-Teixeira, Smithsonian Institution, teixeirak@si.edu","United States of America",44.2479,-122.2008,785,NA,NA,"39","Nearctic","Csb","Temperate mountain system","NAC","1449","Initiation of post-disturbance cohort (natural)","1449","NAC","NAC",0,0,0,"temperate","BNPP_root_fine","2001",NA,NA,0.76
"7","Andrews 11 unmanaged","Luyssaert_2007_cbob",795,386,"Andrews 11","unmanaged","woody","2TEN","ANPP","2001",NA,NA,5.54,"NAC","Anderson-Teixeira_2018_fagd","Dr. Kristina J. Anderson-Teixeira, Smithsonian Institution, teixeirak@si.edu","United States of America",44.2334,-122.1731,738,NA,NA,"39","Nearctic","Csb","Temperate mountain system","NAC","1206","Initiation of post-disturbance cohort (natural)","1206","NAC","NAC",0,0,0,"temperate","BNPP_root_fine","2001",NA,NA,1.19
"8","Andrews 11 unmanaged","Luyssaert_2007_cbob",795,389,"Andrews 11","unmanaged","woody","2TEN","ANPP","2001",NA,NA,6.29,"NAC","Anderson-Teixeira_2018_fagd","Dr. Kristina J. Anderson-Teixeira, Smithsonian Institution, teixeirak@si.edu","United States of America",44.2334,-122.1731,738,NA,NA,"39","Nearctic","Csb","Temperate mountain system","NAC","1206","Initiation of post-disturbance cohort (natural)","1206","NAC","NAC",0,0,0,"temperate","BNPP_root_fine","2001",NA,NA,1.19
"9","Andrews 12 unmanaged","Luyssaert_2007_cbob",629,413,"Andrews 12","unmanaged","woody","2TEN","ANPP","2001",NA,NA,4.09,"NAC","Anderson-Teixeira_2018_fagd","Dr. Kristina J. Anderson-Teixeira, Smithsonian Institution, teixeirak@si.edu","United States of America",44.2587,-122.1818,812,NA,NA,"39","Nearctic","Csb","Temperate mountain system","NAC","1372","Initiation of post-disturbance cohort (natural)","1372","NAC","NAC",0,0,0,"temperate","BNPP_root_fine","2001",NA,NA,1.5
"10","Andrews 12 unmanaged","Luyssaert_2007_cbob",629,410,"Andrews 12","unmanaged","woody","2TEN","ANPP","2001",NA,NA,3.53,"NAC","Anderson-Teixeira_2018_fagd","Dr. Kristina J. Anderson-Teixeira, Smithsonian Institution, teixeirak@si.edu","United States of America",44.2587,-122.1818,812,NA,NA,"39","Nearctic","Csb","Temperate mountain system","NAC","1372","Initiation of post-disturbance cohort (natural)","1372","NAC","NAC",0,0,0,"temperate","BNPP_root_fine","2001",NA,NA,1.5
"11","Bonanza 5A unmanaged","Ruess_2003_cfrd",200,1844,"Bonanza 5A","unmanaged","woody","2TEN","ANPP",NA,"1998","1999",0.39,"NAC","Anderson-Teixeira_2018_fagd","Dr. Kristina J. Anderson-Teixeira, Smithsonian Institution, teixeirak@si.edu","United States of America",64.75,-148.25,133,-3.5,269,"12","Nearctic","Dfc","Boreal tundra woodland","NAC","NAC","Initiation of post-disturbance cohort (natural)","NAC","Flood","NAC",0,0,0,"boreal","BNPP_root_fine",NA,"1998","1999",1.86
"12","Bonanza 5C unmanaged","Ruess_2003_cfrd",196,1851,"Bonanza 5C","unmanaged","woody","2TEN","ANPP",NA,"1998","1999",0.78,"NAC","Anderson-Teixeira_2018_fagd","Dr. Kristina J. Anderson-Teixeira, Smithsonian Institution, teixeirak@si.edu","United States of America",64.75,-148.25,129,-3.5,269,"12","Nearctic","Dfc","Boreal tundra woodland","NAC","1803","Initiation of post-disturbance cohort (natural)","NAC","Flood","NAC",0,0,0,"boreal","BNPP_root_fine",NA,"1998","1999",3.74
"13","Bonanza 5D unmanaged","Ruess_2003_cfrd",196,1856,"Bonanza 5D","unmanaged","woody","2TEN","ANPP",NA,"1998","1999",0.33,"NAC","Anderson-Teixeira_2018_fagd","Dr. Kristina J. Anderson-Teixeira, Smithsonian Institution, teixeirak@si.edu","United States of America",64.75,-148.25,NA,-3.5,269,"12","Nearctic","Dfc","Boreal tundra woodland","NAC","1803","Initiation of post-disturbance cohort (natural)","NAC","Flood","NAC",0,0,0,"boreal","BNPP_root_fine",NA,"1998","1999",1.26
"14","Bornhoved Alder unmanaged","Kutsch_2001_fmor",60,2140,"Bornhoved Alder","unmanaged","woody","2TDB","ANPP","1992",NA,NA,5.43,"NAC","Anderson-Teixeira_2018_fagd","Dr. Kristina J. Anderson-Teixeira, Smithsonian Institution, teixeirak@si.edu","Germany",54.1,10.23,NA,8.9,772,"95","Palearctic","Cfb","Temperate oceanic forest","NAC","1932","Initiation of post-disturbance cohort (natural)","1932","NAC","NAC",0,0,0,"temperate","BNPP_root_fine","1992",NA,NA,1.91
"15","Bornhoved Alder unmanaged","Kutsch_2001_fmor",61,2141,"Bornhoved Alder","unmanaged","woody","2TDB","ANPP","1993",NA,NA,5.33,"NAC","Anderson-Teixeira_2018_fagd","Dr. Kristina J. Anderson-Teixeira, Smithsonian Institution, teixeirak@si.edu","Germany",54.1,10.23,NA,8.9,772,"95","Palearctic","Cfb","Temperate oceanic forest","NAC","1932","Initiation of post-disturbance cohort (natural)","1932","NAC","NAC",0,0,0,"temperate","BNPP_root_fine","1993",NA,NA,1.9
"16","Cajunuma unmanaged","Moser_2011_eeot",999,2427,"Cajunuma","unmanaged","woody","2TEB","ANPP",NA,"2003","2004",0.99,"NAC","Anderson-Teixeira_2016_cdom; Anderson-Teixeira_2018_fagd","Dr. Kristina J. Anderson-Teixeira, Smithsonian Institution, teixeirak@si.edu","Ecuador",-4.12,-79.18,3060,9.399999619,4500,"114","Neotropics","Cfb","Tropical mountain system","NAC","NAC","NAC","NAC","No disturbance","NI",0,0,0,"tropical","BNPP_root_fine",NA,"2003","2004",4.7
"17","Cajunuma unmanaged","Moser_2011_eeot",999,2428,"Cajunuma","unmanaged","woody","2TEB","ANPP",NA,"2003","2004",1.18,"NAC","Anderson-Teixeira_2016_cdom; Anderson-Teixeira_2018_fagd","Dr. Kristina J. Anderson-Teixeira, Smithsonian Institution, teixeirak@si.edu","Ecuador",-4.12,-79.18,3060,9.399999619,4500,"114","Neotropics","Cfb","Tropical mountain system","NAC","NAC","NAC","NAC","No disturbance","NI",0,0,0,"tropical","BNPP_root_fine",NA,"2003","2004",4.7
"18","Canal Flats mesic 1 unmanaged","Comeau_1999_nbfc",70,2517,"Canal Flats mesic 1","unmanaged","woody","2TEN","ANPP","1984",NA,NA,2.93,"NAC","Anderson-Teixeira_2018_fagd","Dr. Kristina J. Anderson-Teixeira, Smithsonian Institution, teixeirak@si.edu","Canada",50.1,-115.25,1340,1.4,634,"129","Nearctic","Dfc","Temperate mountain system","NAC","1914","Initiation of post-disturbance cohort (natural)","NAC","Burned","NAC",0,0,0,"temperate","BNPP_root_fine","1984",NA,NA,2.26
"19","Canal Flats mesic 1 unmanaged","Comeau_1999_nbfc",70,2520,"Canal Flats mesic 1","unmanaged","woody","2TEN","ANPP","1984",NA,NA,3.07,"NAC","Anderson-Teixeira_2018_fagd","Dr. Kristina J. Anderson-Teixeira, Smithsonian Institution, teixeirak@si.edu","Canada",50.1,-115.25,1340,1.4,634,"129","Nearctic","Dfc","Temperate mountain system","NAC","1914","Initiation of post-disturbance cohort (natural)","NAC","Burned","NAC",0,0,0,"temperate","BNPP_root_fine","1984",NA,NA,2.26
"20","Canal Flats mesic 2 unmanaged","Comeau_1999_nbfc",78,2534,"Canal Flats mesic 2","unmanaged","woody","2TEN","ANPP","1984",NA,NA,3.36,"NAC","Anderson-Teixeira_2018_fagd","Dr. Kristina J. Anderson-Teixeira, Smithsonian Institution, teixeirak@si.edu","Canada",50.1,-115.25,1340,1.4,634,"129","Nearctic","Dfc","Temperate mountain system","NAC","1906","Initiation of post-disturbance cohort (natural)","NAC","Burned","NAC",0,0,0,"temperate","BNPP_root_fine","1984",NA,NA,1.78
"21","Canal Flats mesic 2 unmanaged","Comeau_1999_nbfc",78,2537,"Canal Flats mesic 2","unmanaged","woody","2TEN","ANPP","1984",NA,NA,3.55,"NAC","Anderson-Teixeira_2018_fagd","Dr. Kristina J. Anderson-Teixeira, Smithsonian Institution, teixeirak@si.edu","Canada",50.1,-115.25,1340,1.4,634,"129","Nearctic","Dfc","Temperate mountain system","NAC","1906","Initiation of post-disturbance cohort (natural)","NAC","Burned","NAC",0,0,0,"temperate","BNPP_root_fine","1984",NA,NA,1.78
"22","Canal Flats xeric 1 unmanaged","Comeau_1999_nbfc",70,2551,"Canal Flats xeric 1","unmanaged","woody","2TEN","ANPP","1984",NA,NA,1.57,"NAC","Anderson-Teixeira_2018_fagd","Dr. Kristina J. Anderson-Teixeira, Smithsonian Institution, teixeirak@si.edu","Canada",50.1,-115.25,1340,1.4,634,"129","Nearctic","Dfc","Temperate mountain system","NAC","1914","Initiation of post-disturbance cohort (natural)","NAC","Burned","NAC",0,0,0,"temperate","BNPP_root_fine","1984",NA,NA,1.87
"23","Canal Flats xeric 1 unmanaged","Comeau_1999_nbfc",70,2554,"Canal Flats xeric 1","unmanaged","woody","2TEN","ANPP","1984",NA,NA,1.67,"NAC","Anderson-Teixeira_2018_fagd","Dr. Kristina J. Anderson-Teixeira, Smithsonian Institution, teixeirak@si.edu","Canada",50.1,-115.25,1340,1.4,634,"129","Nearctic","Dfc","Temperate mountain system","NAC","1914","Initiation of post-disturbance cohort (natural)","NAC","Burned","NAC",0,0,0,"temperate","BNPP_root_fine","1984",NA,NA,1.87
"24","Canal Flats xeric 2 unmanaged","Comeau_1999_nbfc",70,2568,"Canal Flats xeric 2","unmanaged","woody","2TEN","ANPP","1984",NA,NA,1.48,"NAC","Anderson-Teixeira_2018_fagd","Dr. Kristina J. Anderson-Teixeira, Smithsonian Institution, teixeirak@si.edu","Canada",50.1,-115.25,1340,1.4,634,"129","Nearctic","Dfc","Temperate mountain system","NAC","1914","Initiation of post-disturbance cohort (natural)","NAC","Burned","NAC",0,0,0,"temperate","BNPP_root_fine","1984",NA,NA,2.83
"25","Canal Flats xeric 2 unmanaged","Comeau_1999_nbfc",70,2571,"Canal Flats xeric 2","unmanaged","woody","2TEN","ANPP","1984",NA,NA,1.58,"NAC","Anderson-Teixeira_2018_fagd","Dr. Kristina J. Anderson-Teixeira, Smithsonian Institution, teixeirak@si.edu","Canada",50.1,-115.25,1340,1.4,634,"129","Nearctic","Dfc","Temperate mountain system","NAC","1914","Initiation of post-disturbance cohort (natural)","NAC","Burned","NAC",0,0,0,"temperate","BNPP_root_fine","1984",NA,NA,2.83
"26","Cascade Head 10 unmanaged","Luyssaert_2007_cbob",185,2669,"Cascade Head 10","unmanaged","woody","2TEN","ANPP","2001",NA,NA,3.58,"NAC","Anderson-Teixeira_2018_fagd","Dr. Kristina J. Anderson-Teixeira, Smithsonian Institution, teixeirak@si.edu","United States of America",45.0679,-123.8882,255,NA,NA,"137","Nearctic","Csb","Temperate mountain system","NAC","1816","Initiation of post-disturbance cohort (natural)","1816","NAC","NAC",0,0,0,"temperate","BNPP_root_fine","2001",NA,NA,1.55
"27","Cascade Head 10 unmanaged","Luyssaert_2007_cbob",185,2666,"Cascade Head 10","unmanaged","woody","2TEN","ANPP","2001",NA,NA,3.42,"NAC","Anderson-Teixeira_2018_fagd","Dr. Kristina J. Anderson-Teixeira, Smithsonian Institution, teixeirak@si.edu","United States of America",45.0679,-123.8882,255,NA,NA,"137","Nearctic","Csb","Temperate mountain system","NAC","1816","Initiation of post-disturbance cohort (natural)","1816","NAC","NAC",0,0,0,"temperate","BNPP_root_fine","2001",NA,NA,1.55
"28","Cascade Head 11 unmanaged","Luyssaert_2007_cbob",168,2689,"Cascade Head 11","unmanaged","woody","2TEN","ANPP","2001",NA,NA,2.68,"NAC","Anderson-Teixeira_2018_fagd","Dr. Kristina J. Anderson-Teixeira, Smithsonian Institution, teixeirak@si.edu","United States of America",45.0819,-123.9038,236,NA,NA,"137","Nearctic","Csb","Temperate mountain system","NAC","1833","Initiation of post-disturbance cohort (natural)","1833","NAC","NAC",0,0,0,"temperate","BNPP_root_fine","2001",NA,NA,1.98
"29","Cascade Head 11 unmanaged","Luyssaert_2007_cbob",168,2692,"Cascade Head 11","unmanaged","woody","2TEN","ANPP","2001",NA,NA,2.93,"NAC","Anderson-Teixeira_2018_fagd","Dr. Kristina J. Anderson-Teixeira, Smithsonian Institution, teixeirak@si.edu","United States of America",45.0819,-123.9038,236,NA,NA,"137","Nearctic","Csb","Temperate mountain system","NAC","1833","Initiation of post-disturbance cohort (natural)","1833","NAC","NAC",0,0,0,"temperate","BNPP_root_fine","2001",NA,NA,1.98
"30","Cascade Head 12 unmanaged","Luyssaert_2007_cbob",178,2715,"Cascade Head 12","unmanaged","woody","2TEN","ANPP","2001",NA,NA,2.59,"NAC","Anderson-Teixeira_2018_fagd","Dr. Kristina J. Anderson-Teixeira, Smithsonian Institution, teixeirak@si.edu","United States of America",45.0445,-123.9007,261,NA,NA,"137","Nearctic","Csb","Temperate mountain system","NAC","1823","Initiation of post-disturbance cohort (natural)","1823","NAC","NAC",0,0,0,"temperate","BNPP_root_fine","2001",NA,NA,1.43
"31","Cascade Head 12 unmanaged","Luyssaert_2007_cbob",178,2712,"Cascade Head 12","unmanaged","woody","2TEN","ANPP","2001",NA,NA,2.45,"NAC","Anderson-Teixeira_2018_fagd","Dr. Kristina J. Anderson-Teixeira, Smithsonian Institution, teixeirak@si.edu","United States of America",45.0445,-123.9007,261,NA,NA,"137","Nearctic","Csb","Temperate mountain system","NAC","1823","Initiation of post-disturbance cohort (natural)","1823","NAC","NAC",0,0,0,"temperate","BNPP_root_fine","2001",NA,NA,1.43
"32","Caxiuana Drought Control CAX-04 largely undisturbed terra firma forest","Aragao_2009_aabn",999,2991,"Caxiuana Drought Control CAX-04","largely undisturbed terra firma forest","woody","2TEB","ANPP",NA,"2004","2006",6.768,"NAC","Anderson-Teixeira_2016_cdom; Anderson-Teixeira_2018_fagd","Dr. Kristina J. Anderson-Teixeira, Smithsonian Institution, teixeirak@si.edu","Brazil",-1.72,-51.46,47,25.8,2311,"140","Neotropics","Af","Tropical rainforest","1","NAC","NAC","NAC","No disturbance","NI",0,0,0,"tropical","BNPP_root_fine",NA,"2004","2006",3.76
"33","Caxiuana Terra Preta CAX-08 unmanaged Late successional forest","Aragao_2009_aabn",999,3000,"Caxiuana Terra Preta CAX-08","unmanaged Late successional forest","woody","2TEB","ANPP",NA,"2004","2006",8.46,"NAC","Anderson-Teixeira_2016_cdom; Anderson-Teixeira_2018_fagd","Dr. Kristina J. Anderson-Teixeira, Smithsonian Institution, teixeirak@si.edu","Brazil",-1.72,-51.5,NA,26.89999962,2314,"140","Neotropics","Am","Tropical rainforest","1","NAC","NAC","NAC","No disturbance","1960",0,0,0,"tropical","BNPP_root_fine",NA,"2004","2006",7.144
"34","Caxiuana Tower CAX-06 tall primary forest near flux tower site","Aragao_2009_aabn",999,3013,"Caxiuana Tower CAX-06","tall primary forest near flux tower site","woody","2TEB","ANPP",NA,"2004","2006",6.298,"NAC","Anderson-Teixeira_2016_cdom; Anderson-Teixeira_2018_fagd","Dr. Kristina J. Anderson-Teixeira, Smithsonian Institution, teixeirak@si.edu","Brazil",-1.74,-51.46,47,25.8,2311,"140","Neotropics","Af","Tropical rainforest","1","NAC","NAC","NAC","No disturbance","NI",0,0,0,"tropical","BNPP_root_fine",NA,"2004","2006",3.666
"35","Caxiuana unmanaged","Luyssaert_2007_cbob",999,2964,"Caxiuana","unmanaged","woody","2TEB","ANPP","2005",NA,NA,6.42,"NAC","Anderson-Teixeira_2016_cdom; Anderson-Teixeira_2018_fagd","Dr. Kristina J. Anderson-Teixeira, Smithsonian Institution, teixeirak@si.edu","Brazil",-1.72,-51.45,NA,NA,2500,"140","Neotropics","Af","Tropical rainforest","NAC","NAC","NAC","NAC","No disturbance","1970",0,0,0,"tropical","BNPP_root_fine","2005",NA,NA,2.08
"36","Caxiuana unmanaged","Luyssaert_2007_cbob",999,2961,"Caxiuana","unmanaged","woody","2TEB","ANPP","2005",NA,NA,6.02,"NAC","Anderson-Teixeira_2016_cdom; Anderson-Teixeira_2018_fagd","Dr. Kristina J. Anderson-Teixeira, Smithsonian Institution, teixeirak@si.edu","Brazil",-1.72,-51.45,NA,NA,2500,"140","Neotropics","Af","Tropical rainforest","NAC","NAC","NAC","NAC","No disturbance","1970",0,0,0,"tropical","BNPP_root_fine","2005",NA,NA,2.08
"37","Chamela 2 Middle unmanaged Mature terra firma","Maass_2001_ntfc",999,3162,"Chamela 2 Middle","unmanaged Mature terra firma","woody","2TDB","ANPP",NA,"1982","1995",2.63,"NAC","Anderson-Teixeira_2016_cdom; Anderson-Teixeira_2018_fagd","Dr. Kristina J. Anderson-Teixeira, Smithsonian Institution, teixeirak@si.edu","Mexico",19.5,-105.02,130,24.95,743.5,"153","Neotropics","As","Tropical dry forest","NAC","NAC","NAC","NAC","No disturbance","NAC",0,0,0,"tropical","BNPP_root_fine",NA,"1982","1995",2.03
"38","Hainich unmanaged","Bascietto_2003_dots",252,5895,"Hainich","unmanaged","woody","2TDB","ANPP",NA,"2000","2002",3.47,"NAC","Anderson-Teixeira_2018_fagd","Dr. Kristina J. Anderson-Teixeira, Smithsonian Institution, teixeirak@si.edu","Germany",51.0792,10.453,440,8.09,794.92,"305","Palearctic","Cfb","Temperate oceanic forest","NAC","1750","Initiation of post-disturbance cohort (natural)","1750","NAC","NAC",0,0,0,"temperate","BNPP_root_fine",NA,"2000","2002",1.45
"39","Hainich unmanaged","Bascietto_2003_dots",252,5893,"Hainich","unmanaged","woody","2TDB","ANPP",NA,"2000","2002",3.47,"NAC","Anderson-Teixeira_2018_fagd","Dr. Kristina J. Anderson-Teixeira, Smithsonian Institution, teixeirak@si.edu","Germany",51.0792,10.453,440,8.09,794.92,"305","Palearctic","Cfb","Temperate oceanic forest","NAC","1750","Initiation of post-disturbance cohort (natural)","1750","NAC","NAC",0,0,0,"temperate","BNPP_root_fine",NA,"2000","2002",1.45
"40","Harvard Forest - Little Prospect Hill EMS Tower (HFR1)","Curtis_2002_baeb",88,5957,"Harvard Forest - Little Prospect Hill","EMS Tower (HFR1)","woody","2TDB","ANPP","1999",NA,NA,2.6,"NAC","Anderson-Teixeira_2018_fagd","Dr. Kristina J. Anderson-Teixeira, Smithsonian Institution, teixeirak@si.edu","United States of America",42.53775556,-72.17147778,340,12.7,1066,"310","Nearctic","Dfb","Temperate mountain system","NAC","1895","Initiation of post-disturbance cohort (natural)","1938","Harvest","1938",0,1,0,"temperate","BNPP_root_fine","1999",NA,NA,2.2
"41","Ilomantsi 1 NI","Gower_2001_nppa",100,6889,"Ilomantsi 1","NI","woody","2TEN","ANPP","2000",NA,NA,1.93,"NAC","Anderson-Teixeira_2018_fagd","Dr. Kristina J. Anderson-Teixeira, Smithsonian Institution, teixeirak@si.edu","Finland",62.85,30.97,145,2,662,"325","Palearctic","Dfc","Boreal coniferous forest","NAC","1900","Initiation of post-disturbance cohort (planted or natural)","1900","NAC","NAC",0,0,0,"boreal","BNPP_root_fine","2000",NA,NA,1.29
"42","Ilomantsi 3 NI","Gower_2001_nppa",50,6909,"Ilomantsi 3","NI","woody","2TEN","ANPP","2000",NA,NA,1.6,"NAC","Anderson-Teixeira_2018_fagd","Dr. Kristina J. Anderson-Teixeira, Smithsonian Institution, teixeirak@si.edu","Finland",62.85,30.97,145,2,662,"325","Palearctic","Dfc","Boreal coniferous forest","NAC","1950","Initiation of post-disturbance cohort (planted or natural)","1950","NAC","NAC",0,0,0,"boreal","BNPP_root_fine","2000",NA,NA,0.4
"43","Ilomantsi 4 NI","Gower_2001_nppa",50,6919,"Ilomantsi 4","NI","woody","2TDB","ANPP","2000",NA,NA,1.69,"NAC","Anderson-Teixeira_2018_fagd","Dr. Kristina J. Anderson-Teixeira, Smithsonian Institution, teixeirak@si.edu","Finland",62.85,30.97,145,2,662,"325","Palearctic","Dfc","Boreal coniferous forest","NAC","1950","Initiation of post-disturbance cohort (planted or natural)","1950","NAC","NAC",0,0,0,"boreal","BNPP_root_fine","2000",NA,NA,0.35
"44","Jezeri PO","Schulze_2000_tcan",79,7236,"Jezeri","PO","woody","2TDB","ANPP","1995",NA,NA,3.79,"NAC","Anderson-Teixeira_2018_fagd","Dr. Kristina J. Anderson-Teixeira, Smithsonian Institution, teixeirak@si.edu","Czech Republic",50.55,13.46,750,5.9,935,"348","Palearctic","Cfb","Temperate mountain system","NAC","1916","Planted","NAC","NAC","NAC",0,0,0,"temperate","BNPP_root_fine","1995",NA,NA,1.39
"45","Jezeri PO","Schulze_2000_tcan",79,7239,"Jezeri","PO","woody","2TDB","ANPP","1995",NA,NA,5.99,"NAC","Anderson-Teixeira_2018_fagd","Dr. Kristina J. Anderson-Teixeira, Smithsonian Institution, teixeirak@si.edu","Czech Republic",50.55,13.46,750,5.9,935,"348","Palearctic","Cfb","Temperate mountain system","NAC","1916","Planted","NAC","NAC","NAC",0,0,0,"temperate","BNPP_root_fine","1995",NA,NA,1.39
"46","Metolius 10 unmanaged","Luyssaert_2007_cbob",190,9173,"Metolius 10","unmanaged","woody","2TEN","ANPP","2001",NA,NA,2.42,"NAC","Anderson-Teixeira_2018_fagd","Dr. Kristina J. Anderson-Teixeira, Smithsonian Institution, teixeirak@si.edu","United States of America",44.4982,-121.6249,895,NA,NA,"366","Nearctic","Csb","Temperate mountain system","NAC","1811","Initiation of post-disturbance cohort (natural)","1811","NAC","NAC",0,0,0,"temperate","BNPP_root_fine","2001",NA,NA,1.15
"47","Metolius 10 unmanaged","Luyssaert_2007_cbob",190,9170,"Metolius 10","unmanaged","woody","2TEN","ANPP","2001",NA,NA,2.14,"NAC","Anderson-Teixeira_2018_fagd","Dr. Kristina J. Anderson-Teixeira, Smithsonian Institution, teixeirak@si.edu","United States of America",44.4982,-121.6249,895,NA,NA,"366","Nearctic","Csb","Temperate mountain system","NAC","1811","Initiation of post-disturbance cohort (natural)","1811","NAC","NAC",0,0,0,"temperate","BNPP_root_fine","2001",NA,NA,1.15
"48","Metolius 11 unmanaged","Luyssaert_2007_cbob",316,9196,"Metolius 11","unmanaged","woody","2TEN","ANPP","2001",NA,NA,1.02,"NAC","Anderson-Teixeira_2018_fagd","Dr. Kristina J. Anderson-Teixeira, Smithsonian Institution, teixeirak@si.edu","United States of America",44.4222,-121.6066,1129,NA,NA,"366","Nearctic","Csb","Temperate mountain system","NAC","1685","Initiation of post-disturbance cohort (natural)","1685","NAC","NAC",0,0,0,"temperate","BNPP_root_fine","2001",NA,NA,0.96
"49","Metolius 11 unmanaged","Luyssaert_2007_cbob",316,9193,"Metolius 11","unmanaged","woody","2TEN","ANPP","2001",NA,NA,0.92,"NAC","Anderson-Teixeira_2018_fagd","Dr. Kristina J. Anderson-Teixeira, Smithsonian Institution, teixeirak@si.edu","United States of America",44.4222,-121.6066,1129,NA,NA,"366","Nearctic","Csb","Temperate mountain system","NAC","1685","Initiation of post-disturbance cohort (natural)","1685","NAC","NAC",0,0,0,"temperate","BNPP_root_fine","2001",NA,NA,0.96
"50","Metolius Old Pine mosaic of old growth, young trees, and mixed age stands natural regeneration after fire","Luyssaert_2007_cbob",251,9461,"Metolius Old Pine","mosaic of old growth, young trees, and mixed age stands natural regeneration after fire","woody","2TEN","ANPP","2001",NA,NA,1.87,"NAC","Anderson-Teixeira_2018_fagd","Dr. Kristina J. Anderson-Teixeira, Smithsonian Institution, teixeirak@si.edu","United States of America",44.498889,-121.623611,915,8.15,482.13,"366","Nearctic","Csb","Temperate mountain system","NAC","1748","Initiation of post-disturbance cohort (natural)","1748","Burned","1748",0,1,0,"temperate","BNPP_root_fine","2001",NA,NA,1.44
"51","Metolius Old Pine mosaic of old growth, young trees, and mixed age stands natural regeneration after fire","Luyssaert_2007_cbob",251,9458,"Metolius Old Pine","mosaic of old growth, young trees, and mixed age stands natural regeneration after fire","woody","2TEN","ANPP","2001",NA,NA,1.71,"NAC","Anderson-Teixeira_2018_fagd","Dr. Kristina J. Anderson-Teixeira, Smithsonian Institution, teixeirak@si.edu","United States of America",44.498889,-121.623611,915,8.15,482.13,"366","Nearctic","Csb","Temperate mountain system","NAC","1748","Initiation of post-disturbance cohort (natural)","1748","Burned","1748",0,1,0,"temperate","BNPP_root_fine","2001",NA,NA,1.44
"52","Nacetin PO","Schulze_2000_tcan",58,9940,"Nacetin","PO","woody","2TEN","ANPP","1995",NA,NA,3.46,"NAC","Anderson-Teixeira_2018_fagd","Dr. Kristina J. Anderson-Teixeira, Smithsonian Institution, teixeirak@si.edu","Czech Republic",50.58,13.25,775,5.9,935,"348","Palearctic","Cfb","Temperate mountain system","NAC","1937","Planted","1937","NAC","NAC",0,0,0,"temperate","BNPP_root_fine","1995",NA,NA,0.58
"53","Nacetin PO","Schulze_2000_tcan",58,9943,"Nacetin","PO","woody","2TEN","ANPP","1995",NA,NA,4.76,"NAC","Anderson-Teixeira_2018_fagd","Dr. Kristina J. Anderson-Teixeira, Smithsonian Institution, teixeirak@si.edu","Czech Republic",50.58,13.25,775,5.9,935,"348","Palearctic","Cfb","Temperate mountain system","NAC","1937","Planted","1937","NAC","NAC",0,0,0,"temperate","BNPP_root_fine","1995",NA,NA,0.58
"54","O site 50/250 yr","Law_2001_csaf",250,10266,"O site","50/250 yr","woody","2TEN","ANPP",NA,"1999","2000",1.57,"NAC","Anderson-Teixeira_2018_fagd","Dr. Kristina J. Anderson-Teixeira, Smithsonian Institution, teixeirak@si.edu","United States of America",44.5,-121.617,915,8,524,"366","Nearctic","Csb","Temperate mountain system","NAC","1749","NAC","NAC","No disturbance","NI",0,0,0,"temperate","BNPP_root_fine",NA,"1999","2000",2.76
"55","Pasoh Forest Reserve primary forest","Kira_1998_ntfk",999,10941,"Pasoh Forest Reserve","primary forest","woody","2TEB","ANPP",NA,"1971","1973",9.91,"NAC","Anderson-Teixeira_2016_cdom; Anderson-Teixeira_2018_fagd","Dr. Kristina J. Anderson-Teixeira, Smithsonian Institution, teixeirak@si.edu","Malaysia",2.966,102.3,112.5,26.33333333,1804,"605","IndoMalay","Af","Tropical rainforest","NAC","NAC","NAC","NAC","No disturbance","NAC",0,0,0,"tropical","BNPP_root_fine",NA,"1971","1973",1.92
"56","Podocarpus 1 unmanaged","Moser_2011_eeot",999,11081,"Podocarpus 1","unmanaged","woody","2TEB","ANPP",NA,"2003","2004",4.46,"NAC","Anderson-Teixeira_2016_cdom; Anderson-Teixeira_2018_fagd","Dr. Kristina J. Anderson-Teixeira, Smithsonian Institution, teixeirak@si.edu","Ecuador",-4.12,-78.97,1050,19.39999962,2230,"114","Neotropics","Cfb","Tropical mountain system","NAC","NAC","NAC","NAC","No disturbance","NI",0,0,0,"tropical","BNPP_root_fine",NA,"2003","2004",1.06
"57","Podocarpus 1 unmanaged","Moser_2011_eeot",999,11080,"Podocarpus 1","unmanaged","woody","2TEB","ANPP",NA,"2003","2004",3.91,"NAC","Anderson-Teixeira_2016_cdom; Anderson-Teixeira_2018_fagd","Dr. Kristina J. Anderson-Teixeira, Smithsonian Institution, teixeirak@si.edu","Ecuador",-4.12,-78.97,1050,19.39999962,2230,"114","Neotropics","Cfb","Tropical mountain system","NAC","NAC","NAC","NAC","No disturbance","NI",0,0,0,"tropical","BNPP_root_fine",NA,"2003","2004",1.06
"58","Podocarpus 2 unmanaged","Moser_2011_eeot",999,11098,"Podocarpus 2","unmanaged","woody","2TEB","ANPP",NA,"2003","2004",3.79,"NAC","Anderson-Teixeira_2016_cdom; Anderson-Teixeira_2018_fagd","Dr. Kristina J. Anderson-Teixeira, Smithsonian Institution, teixeirak@si.edu","Ecuador",-4.11,-78.97,1540,17.5,2300,"114","Neotropics","Cfb","Tropical mountain system","NAC","NAC","NAC","NAC","No disturbance","NI",0,0,0,"tropical","BNPP_root_fine",NA,"2003","2004",1.5
"59","Podocarpus 2 unmanaged","Moser_2011_eeot",999,11097,"Podocarpus 2","unmanaged","woody","2TEB","ANPP",NA,"2003","2004",3.34,"NAC","Anderson-Teixeira_2016_cdom; Anderson-Teixeira_2018_fagd","Dr. Kristina J. Anderson-Teixeira, Smithsonian Institution, teixeirak@si.edu","Ecuador",-4.11,-78.97,1540,17.5,2300,"114","Neotropics","Cfb","Tropical mountain system","NAC","NAC","NAC","NAC","No disturbance","NI",0,0,0,"tropical","BNPP_root_fine",NA,"2003","2004",1.5
"60","Prince Albert SSA (SOAS) natural regeneration after 1919 fire","Gower_2001_nppa",75,11790,"Prince Albert SSA (SOAS)","natural regeneration after 1919 fire","woody","2TDB","ANPP","1994",NA,NA,2.73,"NAC","Anderson-Teixeira_2018_fagd","Dr. Kristina J. Anderson-Teixeira, Smithsonian Institution, teixeirak@si.edu","Canada",53.629,-106.2,520,0.75,413.5,"621","Nearctic","Dfc","Boreal coniferous forest","NAC","1919","Initiation of post-disturbance cohort (natural)","1919","Burned","1919",0,0,0,"boreal","BNPP_root_fine","1994",NA,NA,0.26
"61","Prince Albert SSA (SOBS) natural regeneration after 1879 wildfire","Gower_2001_nppa",115,11891,"Prince Albert SSA (SOBS)","natural regeneration after 1879 wildfire","woody","2TEN","ANPP","1994",NA,NA,1.33,"NAC","Anderson-Teixeira_2018_fagd","Dr. Kristina J. Anderson-Teixeira, Smithsonian Institution, teixeirak@si.edu","Canada",53.987,-105.12,520,1.1,359.33,"619","Nearctic","Dfc","Boreal coniferous forest","NAC","1879","Initiation of post-disturbance cohort (natural)","1904","Burned","1879",0,0,0,"boreal","BNPP_root_fine","1994",NA,NA,1.06
"62","Prince Albert SSA (SOJP) natural regeneration after 1929 wildfire","Gower_2001_nppa",65,11976,"Prince Albert SSA (SOJP)","natural regeneration after 1929 wildfire","woody","2TEN","ANPP","1994",NA,NA,1.16,"NAC","Anderson-Teixeira_2018_fagd","Dr. Kristina J. Anderson-Teixeira, Smithsonian Institution, teixeirak@si.edu","Canada",53.916,-104.692,579,1,421,"620","Nearctic","Dfc","Boreal coniferous forest","NAC","1929","Initiation of post-disturbance cohort (natural)","1929","Burned","1929",0,0,0,"boreal","BNPP_root_fine","1994",NA,NA,0.94
"63","Reserva Biologica San Francisco 1 unmanaged","Moser_2011_eeot",999,12349,"Reserva Biologica San Francisco 1","unmanaged","woody","2TEB","ANPP",NA,"2003","2004",2.93,"NAC","Anderson-Teixeira_2016_cdom; Anderson-Teixeira_2018_fagd","Dr. Kristina J. Anderson-Teixeira, Smithsonian Institution, teixeirak@si.edu","Ecuador",-3.98,-79.1,1890,15.69999981,1950,"114","Neotropics","Cfb","Tropical mountain system","NAC","NAC","NAC","NAC","No disturbance","NI",0,0,0,"tropical","BNPP_root_fine",NA,"2003","2004",1.35
"64","Reserva Biologica San Francisco 1 unmanaged","Moser_2011_eeot",999,12350,"Reserva Biologica San Francisco 1","unmanaged","woody","2TEB","ANPP",NA,"2003","2004",3.36,"NAC","Anderson-Teixeira_2016_cdom; Anderson-Teixeira_2018_fagd","Dr. Kristina J. Anderson-Teixeira, Smithsonian Institution, teixeirak@si.edu","Ecuador",-3.98,-79.1,1890,15.69999981,1950,"114","Neotropics","Cfb","Tropical mountain system","NAC","NAC","NAC","NAC","No disturbance","NI",0,0,0,"tropical","BNPP_root_fine",NA,"2003","2004",1.35
"65","Reserva Biologica San Francisco 2 unmanaged","Moser_2011_eeot",999,12367,"Reserva Biologica San Francisco 2","unmanaged","woody","2TEB","ANPP",NA,"2003","2004",1.64,"NAC","Anderson-Teixeira_2016_cdom; Anderson-Teixeira_2018_fagd","Dr. Kristina J. Anderson-Teixeira, Smithsonian Institution, teixeirak@si.edu","Ecuador",-3.99,-79.1,2380,13.19999981,5000,"114","Neotropics","Cfb","Tropical mountain system","NAC","NAC","NAC","NAC","No disturbance","NI",0,0,0,"tropical","BNPP_root_fine",NA,"2003","2004",1.79
"66","Reserva Biologica San Francisco 2 unmanaged","Moser_2011_eeot",999,12366,"Reserva Biologica San Francisco 2","unmanaged","woody","2TEB","ANPP",NA,"2003","2004",1.45,"NAC","Anderson-Teixeira_2016_cdom; Anderson-Teixeira_2018_fagd","Dr. Kristina J. Anderson-Teixeira, Smithsonian Institution, teixeirak@si.edu","Ecuador",-3.99,-79.1,2380,13.19999981,5000,"114","Neotropics","Cfb","Tropical mountain system","NAC","NAC","NAC","NAC","No disturbance","NI",0,0,0,"tropical","BNPP_root_fine",NA,"2003","2004",1.79
"67","San Carlos de Rio Negro Species-rich Tierra Firme (Oxisols) unmanaged Mature terra firma","Jordan_1999_ntfs",999,12943,"San Carlos de Rio Negro Species-rich Tierra Firme (Oxisols)","unmanaged Mature terra firma","woody","2TEB","ANPP",NA,"1975","1981",6.81,"NAC","Anderson-Teixeira_2016_cdom; Anderson-Teixeira_2018_fagd","Dr. Kristina J. Anderson-Teixeira, Smithsonian Institution, teixeirak@si.edu","Venezuela",1.93,-67.05,119,25.98,3500,"657","Neotropics","Af","Tropical rainforest","NAC","NAC","Initiation of post-disturbance cohort (natural)","1750","Burned","1750",0,0,0,"tropical","BNPP_root_fine",NA,"1975","1981",5.36
"68","San Carlos de Rio Negro Species-rich Tierra Firme (Oxisols) unmanaged Mature terra firma","Jordan_1999_ntfs",999,12940,"San Carlos de Rio Negro Species-rich Tierra Firme (Oxisols)","unmanaged Mature terra firma","woody","2TEB","ANPP",NA,"1975","1981",5.18,"NAC","Anderson-Teixeira_2016_cdom; Anderson-Teixeira_2018_fagd","Dr. Kristina J. Anderson-Teixeira, Smithsonian Institution, teixeirak@si.edu","Venezuela",1.93,-67.05,119,25.98,3500,"657","Neotropics","Af","Tropical rainforest","NAC","NAC","Initiation of post-disturbance cohort (natural)","1750","Burned","1750",0,0,0,"tropical","BNPP_root_fine",NA,"1975","1981",5.36
"69","San Carlos de Rio Negro Tall Caatinga mature tall caatinga natural forest","Medina_1989_pona",999,18663,"San Carlos de Rio Negro Tall Caatinga","mature tall caatinga natural forest","woody","2TEB","ANPP","NI","NI","NI",5.405,"NAC","","Dr. Kristina J. Anderson-Teixeira, Smithsonian Institution, teixeirak@si.edu","Venezuela",1.93,-67.05,117,26.2,3600,"657","Neotropics","Af","Tropical rainforest","0.13","NI","NI","NI","NI","NI",0,0,1,"tropical","BNPP_root_fine","NI","NI","NI",0.564
"70","San Carlos de Rio Negro Tall Caatinga mature tall caatinga natural forest","Medina_1989_pona",999,18662,"San Carlos de Rio Negro Tall Caatinga","mature tall caatinga natural forest","woody","2TEB","ANPP","NI","NI","NI",4.512,"NAC","","Dr. Kristina J. Anderson-Teixeira, Smithsonian Institution, teixeirak@si.edu","Venezuela",1.93,-67.05,117,26.2,3600,"657","Neotropics","Af","Tropical rainforest","0.13","NI","NI","NI","NI","NI",0,0,1,"tropical","BNPP_root_fine","NI","NI","NI",0.564
"71","San Pedro unmanaged upland tropical forest","Girardin_2010_nppa",999,13017,"San Pedro","unmanaged upland tropical forest","woody","2TEB","ANPP",NA,"2007","2008",4.38,"NAC","Anderson-Teixeira_2016_cdom; Anderson-Teixeira_2018_fagd","Dr. Kristina J. Anderson-Teixeira, Smithsonian Institution, teixeirak@si.edu","Peru",-13.05,-71.54,1500,18.8,2631,"673","Neotropics","Cfb","Tropical mountain system","NAC","NAC","NAC","NAC","No disturbance","NI",0,0,0,"tropical","BNPP_root_fine",NA,"2007","2008",1.7
"72","San Pedro unmanaged upland tropical forest","Girardin_2010_nppa",999,17918,"San Pedro","unmanaged upland tropical forest","woody","2TEB","ANPP","2005","2003","2007",4.136,"NAC","","Dr. Kristina J. Anderson-Teixeira, Smithsonian Institution, teixeirak@si.edu","Peru",-13.05,-71.54,1500,18.8,2631,"673","Neotropics","Cfb","Tropical mountain system","NAC","NAC","NAC","NAC","No disturbance","NI",0,0,0,"tropical","BNPP_root_fine",NA,"2007","2008",1.7
"73","San Pedro unmanaged upland tropical forest","Girardin_2010_nppa",999,13018,"San Pedro","unmanaged upland tropical forest","woody","2TEB","ANPP",NA,"2007","2008",4.98,"NAC","Anderson-Teixeira_2016_cdom; Anderson-Teixeira_2018_fagd","Dr. Kristina J. Anderson-Teixeira, Smithsonian Institution, teixeirak@si.edu","Peru",-13.05,-71.54,1500,18.8,2631,"673","Neotropics","Cfb","Tropical mountain system","NAC","NAC","NAC","NAC","No disturbance","NI",0,0,0,"tropical","BNPP_root_fine",NA,"2007","2008",1.7
"74","Sylvania unmanaged hemlock-hardwood old-growth","Desai_2005_cnee",350,14106,"Sylvania","unmanaged hemlock-hardwood old-growth","woody","2TM","ANPP",NA,"2002","2003",2.12,"NAC","Anderson-Teixeira_2018_fagd","Dr. Kristina J. Anderson-Teixeira, Smithsonian Institution, teixeirak@si.edu","United States of America",46.24,-89.34,542,3.9,771,"730","Nearctic","Dfb","Temperate continental forest","NAC","1653","Initiation of post-disturbance cohort (natural)","1653","NAC","NAC",0,0,0,"temperate","BNPP_root_fine",NA,"2002","2003",0.99
"75","Tambopata-Candamo Reserve permanent plot TAM-05 terra firma unmanaged primary forest","Aragao_2009_aabn",999,14248,"Tambopata-Candamo Reserve permanent plot TAM-05","terra firma unmanaged primary forest","woody","2TEB","ANPP",NA,"2004","2006",8.93,"NAC","Anderson-Teixeira_2016_cdom; Anderson-Teixeira_2018_fagd","Dr. Kristina J. Anderson-Teixeira, Smithsonian Institution, teixeirak@si.edu","Peru",-12.830288,-69.270533,223,24.4,1900,"740","Neotropics","Af","Tropical rainforest","1","NAC","NAC","NAC","No disturbance","1904",0,0,0,"tropical","BNPP_root_fine",NA,"2004","2006",6.392
"76","Tambopata-Candamo Reserve permanent plot TAM-05 terra firma unmanaged primary forest","Girardin_2010_nppa",999,14255,"Tambopata-Candamo Reserve permanent plot TAM-05","terra firma unmanaged primary forest","woody","2TEB","ANPP",NA,"2007","2008",9.5,"NAC","Anderson-Teixeira_2016_cdom; Anderson-Teixeira_2018_fagd","Dr. Kristina J. Anderson-Teixeira, Smithsonian Institution, teixeirak@si.edu","Peru",-12.830288,-69.270533,223,24.4,1900,"740","Neotropics","Af","Tropical rainforest","1","NAC","NAC","NAC","No disturbance","1904",0,0,0,"tropical","BNPP_root_fine",NA,"2007","2008",6.8
"77","Tambopata-Candamo Reserve permanent plot TAM-05 terra firma unmanaged primary forest","Girardin_2010_nppa",999,14254,"Tambopata-Candamo Reserve permanent plot TAM-05","terra firma unmanaged primary forest","woody","2TEB","ANPP",NA,"2007","2008",8.4,"NAC","Anderson-Teixeira_2016_cdom; Anderson-Teixeira_2018_fagd","Dr. Kristina J. Anderson-Teixeira, Smithsonian Institution, teixeirak@si.edu","Peru",-12.830288,-69.270533,223,24.4,1900,"740","Neotropics","Af","Tropical rainforest","1","NAC","NAC","NAC","No disturbance","1904",0,0,0,"tropical","BNPP_root_fine",NA,"2007","2008",6.8
"78","Tambopata-Candamo Reserve permanent plot TAM-06 terra firma, floodplain unmanaged primary forest","Aragao_2009_aabn",999,14271,"Tambopata-Candamo Reserve permanent plot TAM-06","terra firma, floodplain unmanaged primary forest","woody","2TEB","ANPP",NA,"2004","2006",7.896,"NAC","Anderson-Teixeira_2016_cdom; Anderson-Teixeira_2018_fagd","Dr. Kristina J. Anderson-Teixeira, Smithsonian Institution, teixeirak@si.edu","Peru",-12.8385,-69.296,215,24.4,1900,"740","Neotropics","Af","Tropical rainforest","0.96","NAC","NAC","NAC","No disturbance","1904",0,0,0,"tropical","BNPP_root_fine",NA,"2004","2006",4.512
"79","Tambopata-Candamo Reserve permanent plot TAM-06 terra firma, floodplain unmanaged primary forest","Girardin_2010_nppa",999,14281,"Tambopata-Candamo Reserve permanent plot TAM-06","terra firma, floodplain unmanaged primary forest","woody","2TEB","ANPP",NA,"2007","2008",8.2,"NAC","Anderson-Teixeira_2016_cdom; Anderson-Teixeira_2018_fagd","Dr. Kristina J. Anderson-Teixeira, Smithsonian Institution, teixeirak@si.edu","Peru",-12.8385,-69.296,215,24.4,1900,"740","Neotropics","Af","Tropical rainforest","0.96","NAC","NAC","NAC","No disturbance","1904",0,0,0,"tropical","BNPP_root_fine",NA,"2007","2008",4.8
"80","Tambopata-Candamo Reserve permanent plot TAM-06 terra firma, floodplain unmanaged primary forest","Girardin_2010_nppa",999,14280,"Tambopata-Candamo Reserve permanent plot TAM-06","terra firma, floodplain unmanaged primary forest","woody","2TEB","ANPP",NA,"2007","2008",7.2,"NAC","Anderson-Teixeira_2016_cdom; Anderson-Teixeira_2018_fagd","Dr. Kristina J. Anderson-Teixeira, Smithsonian Institution, teixeirak@si.edu","Peru",-12.8385,-69.296,215,24.4,1900,"740","Neotropics","Af","Tropical rainforest","0.96","NAC","NAC","NAC","No disturbance","1904",0,0,0,"tropical","BNPP_root_fine",NA,"2007","2008",4.8
"81","Tapajos km 67 TAP67","Luyssaert_2007_cbob",999,5267,"Tapajos km 67","TAP67","woody","2TEB","ANPP","2005",NA,NA,9.84,"NAC","Anderson-Teixeira_2016_cdom; Anderson-Teixeira_2018_fagd","Dr. Kristina J. Anderson-Teixeira, Smithsonian Institution, teixeirak@si.edu","Brazil",-2.85,-54.967,NA,25.72,1882.25,"256","Neotropics","Am","Tropical rainforest","NAC","NAC","NAC","NAC","No disturbance","NAC",0,0,0,"tropical","BNPP_root_fine","2005",NA,NA,0.86
"82","Thompson dry chronosequence d131 unmanaged","Bond-Lamberty_2004_corr",131,14666,"Thompson dry chronosequence d131","unmanaged","woody","2TEN","ANPP",NA,"1999","2001",1.11,"NAC","Anderson-Teixeira_2018_fagd","Dr. Kristina J. Anderson-Teixeira, Smithsonian Institution, teixeirak@si.edu","Canada",55.88,-98.33,260,0.8,439,"93","Nearctic","Dfc","Boreal coniferous forest","NAC","1870","Initiation of post-disturbance cohort (natural)","1870","Burned","1870",0,0,0,"boreal","BNPP_root_fine",NA,"1999","2001",0.37
"83","Thompson dry chronosequence d71 unmanaged","Bond-Lamberty_2004_corr",71,14742,"Thompson dry chronosequence d71","unmanaged","woody","2TEN","ANPP",NA,"1999","2001",1.47,"NAC","Anderson-Teixeira_2018_fagd","Dr. Kristina J. Anderson-Teixeira, Smithsonian Institution, teixeirak@si.edu","Canada",55.88,-98.33,260,0.8,439,"93","Nearctic","Dfc","Boreal coniferous forest","NAC","1930","Initiation of post-disturbance cohort (natural)","1930","Burned","1930",0,0,0,"boreal","BNPP_root_fine",NA,"1999","2001",0.79
"84","Thompson NSA (NOAS) NI","Gower_2001_nppa",53,14762,"Thompson NSA (NOAS)","NI","woody","2TDB","ANPP","1994",NA,NA,3.03,"NAC","Anderson-Teixeira_2018_fagd","Dr. Kristina J. Anderson-Teixeira, Smithsonian Institution, teixeirak@si.edu","Canada",55.9,-98.47,259,-1.6,447,"93","Nearctic","Dfc","Boreal coniferous forest","NAC","1941","Initiation of post-disturbance cohort (planted or natural)","1941","NAC","NAC",0,0,0,"boreal","BNPP_root_fine","1994",NA,NA,0.4
"85","Thompson NSA (NOBS) unmanaged","Gower_2001_nppa",114,14824,"Thompson NSA (NOBS)","unmanaged","woody","2TEN","ANPP","1994",NA,NA,1.19,"NAC","Anderson-Teixeira_2018_fagd","Dr. Kristina J. Anderson-Teixeira, Smithsonian Institution, teixeirak@si.edu","Canada",55.879,-98.484,259,-0.2,352,"93","Nearctic","Dfc","Boreal coniferous forest","NAC","1880","Initiation of post-disturbance cohort (natural)","1880","Burned","1880",0,0,0,"boreal","BNPP_root_fine","1994",NA,NA,0.78
"86","Thompson NSA (NOJP) NI","Gower_2001_nppa",63,14866,"Thompson NSA (NOJP)","NI","woody","2TEN","ANPP","1994",NA,NA,1.06,"NAC","Anderson-Teixeira_2018_fagd","Dr. Kristina J. Anderson-Teixeira, Smithsonian Institution, teixeirak@si.edu","Canada",55.9,-98.47,259,-1.6,447,"93","Nearctic","Dfc","Boreal coniferous forest","NAC","1931","Initiation of post-disturbance cohort (planted or natural)","1931","NAC","NAC",0,0,0,"boreal","BNPP_root_fine","1994",NA,NA,0.86
"87","Thompson wet chronosequence w131 unmanaged","Bond-Lamberty_2004_corr",131,14916,"Thompson wet chronosequence w131","unmanaged","woody","2TEN","ANPP",NA,"1999","2001",0.64,"NAC","Anderson-Teixeira_2018_fagd","Dr. Kristina J. Anderson-Teixeira, Smithsonian Institution, teixeirak@si.edu","Canada",55.88,-98.33,260,0.8,439,"93","Nearctic","Dfc","Boreal coniferous forest","NAC","1870","Initiation of post-disturbance cohort (natural)","1870","Burned","1870",0,0,0,"boreal","BNPP_root_fine",NA,"1999","2001",0.13
"88","Thompson wet chronosequence w71 unmanaged","Bond-Lamberty_2004_corr",71,14971,"Thompson wet chronosequence w71","unmanaged","woody","2TEN","ANPP",NA,"1999","2001",0.55,"NAC","Anderson-Teixeira_2018_fagd","Dr. Kristina J. Anderson-Teixeira, Smithsonian Institution, teixeirak@si.edu","Canada",55.88,-98.33,260,0.8,439,"93","Nearctic","Dfc","Boreal coniferous forest","NAC","1930","Initiation of post-disturbance cohort (natural)","1930","Burned","1930",0,0,0,"boreal","BNPP_root_fine",NA,"1999","2001",0.42
"89","Tono unmanaged","Girardin_2010_nppa",999,17912,"Tono","unmanaged","woody","2TEB","ANPP","2005","2003","2007",3.619,"NAC","","Dr. Kristina J. Anderson-Teixeira, Smithsonian Institution, teixeirak@si.edu","Peru",-12.96,-71.56,1000,20.7,NA,"673","Neotropics","Cfb","Tropical mountain system","NAC","NAC","NAC","NAC","No disturbance","NI",0,0,0,"tropical","BNPP_root_fine",NA,"2007","2008",2.42
"90","Tono unmanaged","Girardin_2010_nppa",999,15189,"Tono","unmanaged","woody","2TEB","ANPP",NA,"2007","2008",4.33,"NAC","Anderson-Teixeira_2016_cdom; Anderson-Teixeira_2018_fagd","Dr. Kristina J. Anderson-Teixeira, Smithsonian Institution, teixeirak@si.edu","Peru",-12.96,-71.56,1000,20.7,NA,"673","Neotropics","Cfb","Tropical mountain system","NAC","NAC","NAC","NAC","No disturbance","NI",0,0,0,"tropical","BNPP_root_fine",NA,"2007","2008",2.42
"91","Tono unmanaged","Girardin_2010_nppa",999,15188,"Tono","unmanaged","woody","2TEB","ANPP",NA,"2007","2008",3.83,"NAC","Anderson-Teixeira_2016_cdom; Anderson-Teixeira_2018_fagd","Dr. Kristina J. Anderson-Teixeira, Smithsonian Institution, teixeirak@si.edu","Peru",-12.96,-71.56,1000,20.7,NA,"673","Neotropics","Cfb","Tropical mountain system","NAC","NAC","NAC","NAC","No disturbance","NI",0,0,0,"tropical","BNPP_root_fine",NA,"2007","2008",2.42
"92","Trocha Union 3 unmanaged upland tropical forest","Girardin_2010_nppa",999,17913,"Trocha Union 3","unmanaged upland tropical forest","woody","2TEB","ANPP","2005","2003","2007",2.068,"NAC","","Dr. Kristina J. Anderson-Teixeira, Smithsonian Institution, teixeirak@si.edu","Peru",-13.11,-71.6,3020,11.8,1776,"673","Neotropics","Cfb","Tropical mountain system","NAC","NAC","NAC","NAC","No disturbance","NI",0,0,0,"tropical","BNPP_root_fine",NA,"2007","2008",1.31
"93","Trocha Union 3 unmanaged upland tropical forest","Girardin_2010_nppa",999,15223,"Trocha Union 3","unmanaged upland tropical forest","woody","2TEB","ANPP",NA,"2007","2008",2.59,"NAC","Anderson-Teixeira_2016_cdom; Anderson-Teixeira_2018_fagd","Dr. Kristina J. Anderson-Teixeira, Smithsonian Institution, teixeirak@si.edu","Peru",-13.11,-71.6,3020,11.8,1776,"673","Neotropics","Cfb","Tropical mountain system","NAC","NAC","NAC","NAC","No disturbance","NI",0,0,0,"tropical","BNPP_root_fine",NA,"2007","2008",1.31
"94","Trocha Union 3 unmanaged upland tropical forest","Girardin_2010_nppa",999,15222,"Trocha Union 3","unmanaged upland tropical forest","woody","2TEB","ANPP",NA,"2007","2008",2.19,"NAC","Anderson-Teixeira_2016_cdom; Anderson-Teixeira_2018_fagd","Dr. Kristina J. Anderson-Teixeira, Smithsonian Institution, teixeirak@si.edu","Peru",-13.11,-71.6,3020,11.8,1776,"673","Neotropics","Cfb","Tropical mountain system","NAC","NAC","NAC","NAC","No disturbance","NI",0,0,0,"tropical","BNPP_root_fine",NA,"2007","2008",1.31
"95","Trocha Union 4 unmanaged upland tropical forest","Girardin_2010_nppa",999,15236,"Trocha Union 4","unmanaged upland tropical forest","woody","2TEB","ANPP",NA,"2007","2008",4,"NAC","Anderson-Teixeira_2016_cdom; Anderson-Teixeira_2018_fagd","Dr. Kristina J. Anderson-Teixeira, Smithsonian Institution, teixeirak@si.edu","Peru",-13.11,-71.6,2720,13.5,2318,"673","Neotropics","Cfb","Tropical mountain system","NAC","NAC","NAC","NAC","No disturbance","NI",0,0,0,"tropical","BNPP_root_fine",NA,"2007","2008",1.63
"96","Trocha Union 4 unmanaged upland tropical forest","Girardin_2010_nppa",999,17914,"Trocha Union 4","unmanaged upland tropical forest","woody","2TEB","ANPP","2005","2003","2007",3.196,"NAC","","Dr. Kristina J. Anderson-Teixeira, Smithsonian Institution, teixeirak@si.edu","Peru",-13.11,-71.6,2720,13.5,2318,"673","Neotropics","Cfb","Tropical mountain system","NAC","NAC","NAC","NAC","No disturbance","NI",0,0,0,"tropical","BNPP_root_fine",NA,"2007","2008",1.63
"97","Trocha Union 4 unmanaged upland tropical forest","Girardin_2010_nppa",999,15235,"Trocha Union 4","unmanaged upland tropical forest","woody","2TEB","ANPP",NA,"2007","2008",3.4,"NAC","Anderson-Teixeira_2016_cdom; Anderson-Teixeira_2018_fagd","Dr. Kristina J. Anderson-Teixeira, Smithsonian Institution, teixeirak@si.edu","Peru",-13.11,-71.6,2720,13.5,2318,"673","Neotropics","Cfb","Tropical mountain system","NAC","NAC","NAC","NAC","No disturbance","NI",0,0,0,"tropical","BNPP_root_fine",NA,"2007","2008",1.63
"98","Trocha Union 7 unmanaged upland tropical forest","Girardin_2010_nppa",999,15249,"Trocha Union 7","unmanaged upland tropical forest","woody","2TEB","ANPP",NA,"2007","2008",2.53,"NAC","Anderson-Teixeira_2016_cdom; Anderson-Teixeira_2018_fagd","Dr. Kristina J. Anderson-Teixeira, Smithsonian Institution, teixeirak@si.edu","Peru",-13.07,-71.56,2020,17.4,1827,"673","Neotropics","Cfb","Tropical mountain system","NAC","NAC","NAC","NAC","No disturbance","NI",0,0,0,"tropical","BNPP_root_fine",NA,"2007","2008",1.8
"99","Trocha Union 7 unmanaged upland tropical forest","Girardin_2010_nppa",999,15248,"Trocha Union 7","unmanaged upland tropical forest","woody","2TEB","ANPP",NA,"2007","2008",2.23,"NAC","Anderson-Teixeira_2016_cdom; Anderson-Teixeira_2018_fagd","Dr. Kristina J. Anderson-Teixeira, Smithsonian Institution, teixeirak@si.edu","Peru",-13.07,-71.56,2020,17.4,1827,"673","Neotropics","Cfb","Tropical mountain system","NAC","NAC","NAC","NAC","No disturbance","NI",0,0,0,"tropical","BNPP_root_fine",NA,"2007","2008",1.8
"100","Trocha Union 7 unmanaged upland tropical forest","Girardin_2010_nppa",999,17915,"Trocha Union 7","unmanaged upland tropical forest","woody","2TEB","ANPP","2005","2003","2007",2.115,"NAC","","Dr. Kristina J. Anderson-Teixeira, Smithsonian Institution, teixeirak@si.edu","Peru",-13.07,-71.56,2020,17.4,1827,"673","Neotropics","Cfb","Tropical mountain system","NAC","NAC","NAC","NAC","No disturbance","NI",0,0,0,"tropical","BNPP_root_fine",NA,"2007","2008",1.8
"101","Trocha Union 8 unmanaged upland tropical forest","Girardin_2010_nppa",999,15261,"Trocha Union 8","unmanaged upland tropical forest","woody","2TEB","ANPP",NA,"2007","2008",2.23,"NAC","Anderson-Teixeira_2016_cdom; Anderson-Teixeira_2018_fagd","Dr. Kristina J. Anderson-Teixeira, Smithsonian Institution, teixeirak@si.edu","Peru",-13.07,-71.56,1855,18,2472,"673","Neotropics","Cfb","Tropical mountain system","NAC","NAC","NAC","NAC","No disturbance","NI",0,0,0,"tropical","BNPP_root_fine",NA,"2007","2008",3.26
"102","Trocha Union 8 unmanaged upland tropical forest","Girardin_2010_nppa",999,15262,"Trocha Union 8","unmanaged upland tropical forest","woody","2TEB","ANPP",NA,"2007","2008",2.53,"NAC","Anderson-Teixeira_2016_cdom; Anderson-Teixeira_2018_fagd","Dr. Kristina J. Anderson-Teixeira, Smithsonian Institution, teixeirak@si.edu","Peru",-13.07,-71.56,1855,18,2472,"673","Neotropics","Cfb","Tropical mountain system","NAC","NAC","NAC","NAC","No disturbance","NI",0,0,0,"tropical","BNPP_root_fine",NA,"2007","2008",3.26
"103","Trocha Union 8 unmanaged upland tropical forest","Girardin_2010_nppa",999,17916,"Trocha Union 8","unmanaged upland tropical forest","woody","2TEB","ANPP","2005","2003","2007",2.115,"NAC","","Dr. Kristina J. Anderson-Teixeira, Smithsonian Institution, teixeirak@si.edu","Peru",-13.07,-71.56,1855,18,2472,"673","Neotropics","Cfb","Tropical mountain system","NAC","NAC","NAC","NAC","No disturbance","NI",0,0,0,"tropical","BNPP_root_fine",NA,"2007","2008",3.26
"104","Tura natural regeneration after fire.Larix gmelinii forest","Luyssaert_2007_cbob",105,15306,"Tura","natural regeneration after fire.Larix gmelinii forest","woody","2TDN","ANPP",NA,"2000","2004",0.42,"NAC","Anderson-Teixeira_2018_fagd","Dr. Kristina J. Anderson-Teixeira, Smithsonian Institution, teixeirak@si.edu","Russia",64.2,100.45,250,-8.9,360,"760","Palearctic","Dfc","Boreal mountain system","NAC","1899","Initiation of post-disturbance cohort (natural)","1899","Burned","1899",0,0,0,"boreal","BNPP_root_fine",NA,"2000","2004",1.5
"105","Tura natural regeneration after fire.Larix gmelinii forest","Luyssaert_2007_cbob",105,15307,"Tura","natural regeneration after fire.Larix gmelinii forest","woody","2TDN","ANPP",NA,"2000","2004",0.48,"NAC","Anderson-Teixeira_2018_fagd","Dr. Kristina J. Anderson-Teixeira, Smithsonian Institution, teixeirak@si.edu","Russia",64.2,100.45,250,-8.9,360,"760","Palearctic","Dfc","Boreal mountain system","NAC","1899","Initiation of post-disturbance cohort (natural)","1899","Burned","1899",0,0,0,"boreal","BNPP_root_fine",NA,"2000","2004",1.5
"106","Tura, right bank of Kochechum River Larix gmelinii dominated mixed-age forest","Kajimoto_1999_aabb",190,15337,"Tura, right bank of Kochechum River","Larix gmelinii dominated mixed-age forest","woody","2TDN","ANPP","1995.413699",NA,NA,0.6251,"NAC","Anderson-Teixeira_2018_fagd","Dr. Kristina J. Anderson-Teixeira, Smithsonian Institution, teixeirak@si.edu","Russia",64.316667,100.216667,200,-9.5,322,"760","Palearctic","Dfc","Boreal mountain system","0.1","1715","NAC","NAC","No disturbance","NI",0,1,0,"boreal","BNPP_root_fine","1995.413699",NA,NA,0.141
"107","University of Michigan Biological Station (UMBS) unmanaged","Curtis_2002_baeb",90,15535,"University of Michigan Biological Station (UMBS)","unmanaged","woody","2TDB","ANPP","1999",NA,NA,3.18,"NAC","Anderson-Teixeira_2018_fagd","Dr. Kristina J. Anderson-Teixeira, Smithsonian Institution, teixeirak@si.edu","United States of America",45.583,-84.7,NA,6.2,750,"360","Nearctic","Dfb","Temperate continental forest","NAC","NAC","NAC","NAC","NAC","NAC",0,1,0,"temperate","BNPP_root_fine","1999",NA,NA,2.75
"108","University of Michigan unmanaged","Gough_2007_tloh",81,15512,"University of Michigan","unmanaged","woody","2TDB","ANPP","2004",NA,NA,3.24,"NAC","Anderson-Teixeira_2018_fagd","Dr. Kristina J. Anderson-Teixeira, Smithsonian Institution, teixeirak@si.edu","United States of America",45.59,-84.71,234,6.8,633.6,"360","Nearctic","Dfb","Temperate continental forest","NAC","NAC","NAC","NAC","No disturbance","1923",0,1,0,"temperate","BNPP_root_fine","2004",NA,NA,2.69
"109","Walker Branch (WB) Forest unmanaged","Curtis_2002_baeb",85,16157,"Walker Branch (WB) Forest","unmanaged","woody","2TDB","ANPP",NA,"1993","1999.99726",4.46,"NAC","Anderson-Teixeira_2018_fagd","Dr. Kristina J. Anderson-Teixeira, Smithsonian Institution, teixeirak@si.edu","United States of America",35.95,-84.283,310,13.8,1352,"578","Nearctic","Cfa","Temperate mountain system","NAC","NAC","Initiation of post-disturbance cohort (natural)","1940","Cultivation","NI",0,0,0,"temperate","BNPP_root_fine",NA,"1993","1999.99726",1.44
"110","Walker Branch unmanaged, agricultural abandonment in 1940","Hanson_2003_etnp",53,16036,"Walker Branch","unmanaged, agricultural abandonment in 1940","woody","2TDB","ANPP","1993",NA,NA,4.41,"NAC","Anderson-Teixeira_2018_fagd","Dr. Kristina J. Anderson-Teixeira, Smithsonian Institution, teixeirak@si.edu","United States of America",35.958333,-84.2875,265,14.31,1475.43,"578","Nearctic","Cfa","Temperate mountain system","NAC","1940","Initiation of post-disturbance cohort (natural)","1940","NAC","NAC",0,0,0,"temperate","BNPP_root_fine","1993",NA,NA,1.28
"111","Walker Branch unmanaged, agricultural abandonment in 1940","Hanson_2003_etnp",53,16012,"Walker Branch","unmanaged, agricultural abandonment in 1940","woody","2TDB","ANPP","1993",NA,NA,4.01,"NAC","Anderson-Teixeira_2018_fagd","Dr. Kristina J. Anderson-Teixeira, Smithsonian Institution, teixeirak@si.edu","United States of America",35.958333,-84.2875,265,14.31,1475.43,"578","Nearctic","Cfa","Temperate mountain system","NAC","1940","Initiation of post-disturbance cohort (natural)","1940","NAC","NAC",0,0,0,"temperate","BNPP_root_fine","1993",NA,NA,1.28
"112","Walker Branch unmanaged, agricultural abandonment in 1940","Hanson_2003_etnp",54,16037,"Walker Branch","unmanaged, agricultural abandonment in 1940","woody","2TDB","ANPP","1994",NA,NA,5.58,"NAC","Anderson-Teixeira_2018_fagd","Dr. Kristina J. Anderson-Teixeira, Smithsonian Institution, teixeirak@si.edu","United States of America",35.958333,-84.2875,265,14.31,1475.43,"578","Nearctic","Cfa","Temperate mountain system","NAC","1940","Initiation of post-disturbance cohort (natural)","1940","NAC","NAC",0,0,0,"temperate","BNPP_root_fine","1994",NA,NA,1.61
"113","Walker Branch unmanaged, agricultural abandonment in 1940","Hanson_2003_etnp",54,16013,"Walker Branch","unmanaged, agricultural abandonment in 1940","woody","2TDB","ANPP","1994",NA,NA,5.02,"NAC","Anderson-Teixeira_2018_fagd","Dr. Kristina J. Anderson-Teixeira, Smithsonian Institution, teixeirak@si.edu","United States of America",35.958333,-84.2875,265,14.31,1475.43,"578","Nearctic","Cfa","Temperate mountain system","NAC","1940","Initiation of post-disturbance cohort (natural)","1940","NAC","NAC",0,0,0,"temperate","BNPP_root_fine","1994",NA,NA,1.61
"114","Walker Branch unmanaged, agricultural abandonment in 1940","Hanson_2003_etnp",55,16014,"Walker Branch","unmanaged, agricultural abandonment in 1940","woody","2TDB","ANPP","1995",NA,NA,4.29,"NAC","Anderson-Teixeira_2018_fagd","Dr. Kristina J. Anderson-Teixeira, Smithsonian Institution, teixeirak@si.edu","United States of America",35.958333,-84.2875,265,14.31,1475.43,"578","Nearctic","Cfa","Temperate mountain system","NAC","1940","Initiation of post-disturbance cohort (natural)","1940","NAC","NAC",0,0,0,"temperate","BNPP_root_fine","1995",NA,NA,1.2
"115","Walker Branch unmanaged, agricultural abandonment in 1940","Hanson_2003_etnp",55,16038,"Walker Branch","unmanaged, agricultural abandonment in 1940","woody","2TDB","ANPP","1995",NA,NA,5.42,"NAC","Anderson-Teixeira_2018_fagd","Dr. Kristina J. Anderson-Teixeira, Smithsonian Institution, teixeirak@si.edu","United States of America",35.958333,-84.2875,265,14.31,1475.43,"578","Nearctic","Cfa","Temperate mountain system","NAC","1940","Initiation of post-disturbance cohort (natural)","1940","NAC","NAC",0,0,0,"temperate","BNPP_root_fine","1995",NA,NA,1.2
"116","Walker Branch unmanaged, agricultural abandonment in 1940","Hanson_2003_etnp",56,16015,"Walker Branch","unmanaged, agricultural abandonment in 1940","woody","2TDB","ANPP","1996",NA,NA,5.38,"NAC","Anderson-Teixeira_2018_fagd","Dr. Kristina J. Anderson-Teixeira, Smithsonian Institution, teixeirak@si.edu","United States of America",35.958333,-84.2875,265,14.31,1475.43,"578","Nearctic","Cfa","Temperate mountain system","NAC","1940","Initiation of post-disturbance cohort (natural)","1940","NAC","NAC",0,0,0,"temperate","BNPP_root_fine","1996",NA,NA,2.08
"117","Walker Branch unmanaged, agricultural abandonment in 1940","Hanson_2003_etnp",56,16039,"Walker Branch","unmanaged, agricultural abandonment in 1940","woody","2TDB","ANPP","1996",NA,NA,5.82,"NAC","Anderson-Teixeira_2018_fagd","Dr. Kristina J. Anderson-Teixeira, Smithsonian Institution, teixeirak@si.edu","United States of America",35.958333,-84.2875,265,14.31,1475.43,"578","Nearctic","Cfa","Temperate mountain system","NAC","1940","Initiation of post-disturbance cohort (natural)","1940","NAC","NAC",0,0,0,"temperate","BNPP_root_fine","1996",NA,NA,2.08
"118","Walker Branch unmanaged, agricultural abandonment in 1940","Hanson_2003_etnp",57,16040,"Walker Branch","unmanaged, agricultural abandonment in 1940","woody","2TDB","ANPP","1997",NA,NA,5.14,"NAC","Anderson-Teixeira_2018_fagd","Dr. Kristina J. Anderson-Teixeira, Smithsonian Institution, teixeirak@si.edu","United States of America",35.958333,-84.2875,265,14.31,1475.43,"578","Nearctic","Cfa","Temperate mountain system","NAC","1940","Initiation of post-disturbance cohort (natural)","1940","NAC","NAC",0,0,0,"temperate","BNPP_root_fine","1997",NA,NA,1.36
"119","Walker Branch unmanaged, agricultural abandonment in 1940","Hanson_2003_etnp",57,16016,"Walker Branch","unmanaged, agricultural abandonment in 1940","woody","2TDB","ANPP","1997",NA,NA,4.58,"NAC","Anderson-Teixeira_2018_fagd","Dr. Kristina J. Anderson-Teixeira, Smithsonian Institution, teixeirak@si.edu","United States of America",35.958333,-84.2875,265,14.31,1475.43,"578","Nearctic","Cfa","Temperate mountain system","NAC","1940","Initiation of post-disturbance cohort (natural)","1940","NAC","NAC",0,0,0,"temperate","BNPP_root_fine","1997",NA,NA,1.36
"120","Walker Branch unmanaged, agricultural abandonment in 1940","Hanson_2003_etnp",58,16017,"Walker Branch","unmanaged, agricultural abandonment in 1940","woody","2TDB","ANPP","1998",NA,NA,4.4,"NAC","Anderson-Teixeira_2018_fagd","Dr. Kristina J. Anderson-Teixeira, Smithsonian Institution, teixeirak@si.edu","United States of America",35.958333,-84.2875,265,14.31,1475.43,"578","Nearctic","Cfa","Temperate mountain system","NAC","1940","Initiation of post-disturbance cohort (natural)","1940","NAC","NAC",0,0,0,"temperate","BNPP_root_fine","1998",NA,NA,1.2
"121","Walker Branch unmanaged, agricultural abandonment in 1940","Hanson_2003_etnp",58,16041,"Walker Branch","unmanaged, agricultural abandonment in 1940","woody","2TDB","ANPP","1998",NA,NA,4.8,"NAC","Anderson-Teixeira_2018_fagd","Dr. Kristina J. Anderson-Teixeira, Smithsonian Institution, teixeirak@si.edu","United States of America",35.958333,-84.2875,265,14.31,1475.43,"578","Nearctic","Cfa","Temperate mountain system","NAC","1940","Initiation of post-disturbance cohort (natural)","1940","NAC","NAC",0,0,0,"temperate","BNPP_root_fine","1998",NA,NA,1.2
"122","Walker Branch unmanaged, agricultural abandonment in 1940","Hanson_2003_etnp",59,16018,"Walker Branch","unmanaged, agricultural abandonment in 1940","woody","2TDB","ANPP","1999",NA,NA,4.73,"NAC","Anderson-Teixeira_2018_fagd","Dr. Kristina J. Anderson-Teixeira, Smithsonian Institution, teixeirak@si.edu","United States of America",35.958333,-84.2875,265,14.31,1475.43,"578","Nearctic","Cfa","Temperate mountain system","NAC","1940","Initiation of post-disturbance cohort (natural)","1940","NAC","NAC",0,0,0,"temperate","BNPP_root_fine","1999",NA,NA,1.82
"123","Walker Branch unmanaged, agricultural abandonment in 1940","Hanson_2003_etnp",59,16042,"Walker Branch","unmanaged, agricultural abandonment in 1940","woody","2TDB","ANPP","1999",NA,NA,5.68,"NAC","Anderson-Teixeira_2018_fagd","Dr. Kristina J. Anderson-Teixeira, Smithsonian Institution, teixeirak@si.edu","United States of America",35.958333,-84.2875,265,14.31,1475.43,"578","Nearctic","Cfa","Temperate mountain system","NAC","1940","Initiation of post-disturbance cohort (natural)","1940","NAC","NAC",0,0,0,"temperate","BNPP_root_fine","1999",NA,NA,1.82
"124","Walker Branch unmanaged, agricultural abandonment in 1940","Hanson_2003_etnp",60,16019,"Walker Branch","unmanaged, agricultural abandonment in 1940","woody","2TDB","ANPP","2000",NA,NA,4.67,"NAC","Anderson-Teixeira_2018_fagd","Dr. Kristina J. Anderson-Teixeira, Smithsonian Institution, teixeirak@si.edu","United States of America",35.958333,-84.2875,265,14.31,1475.43,"578","Nearctic","Cfa","Temperate mountain system","NAC","1940","Initiation of post-disturbance cohort (natural)","1940","NAC","NAC",0,0,0,"temperate","BNPP_root_fine","2000",NA,NA,1.67
"125","Walker Branch unmanaged, agricultural abandonment in 1940","Hanson_2003_etnp",60,16043,"Walker Branch","unmanaged, agricultural abandonment in 1940","woody","2TDB","ANPP","2000",NA,NA,4.99,"NAC","Anderson-Teixeira_2018_fagd","Dr. Kristina J. Anderson-Teixeira, Smithsonian Institution, teixeirak@si.edu","United States of America",35.958333,-84.2875,265,14.31,1475.43,"578","Nearctic","Cfa","Temperate mountain system","NAC","1940","Initiation of post-disturbance cohort (natural)","1940","NAC","NAC",0,0,0,"temperate","BNPP_root_fine","2000",NA,NA,1.67
"126","Wayqecha unmanaged upland tropical forest","Girardin_2010_nppa",999,16278,"Wayqecha","unmanaged upland tropical forest","woody","2TEB","ANPP",NA,"2007","2008",3.62,"NAC","Anderson-Teixeira_2016_cdom; Anderson-Teixeira_2018_fagd","Dr. Kristina J. Anderson-Teixeira, Smithsonian Institution, teixeirak@si.edu","Peru",-13.19,-71.59,3025,12.5,1706,"673","Neotropics","Cfb","Tropical mountain system","NAC","NAC","NAC","NAC","No disturbance","NI",0,0,0,"tropical","BNPP_root_fine",NA,"2007","2008",1.23
"127","Wayqecha unmanaged upland tropical forest","Girardin_2010_nppa",999,17917,"Wayqecha","unmanaged upland tropical forest","woody","2TEB","ANPP","2005","2003","2007",2.914,"NAC","","Dr. Kristina J. Anderson-Teixeira, Smithsonian Institution, teixeirak@si.edu","Peru",-13.19,-71.59,3025,12.5,1706,"673","Neotropics","Cfb","Tropical mountain system","NAC","NAC","NAC","NAC","No disturbance","NI",0,0,0,"tropical","BNPP_root_fine",NA,"2007","2008",1.23
"128","Wayqecha unmanaged upland tropical forest","Girardin_2010_nppa",999,16277,"Wayqecha","unmanaged upland tropical forest","woody","2TEB","ANPP",NA,"2007","2008",3.12,"NAC","Anderson-Teixeira_2016_cdom; Anderson-Teixeira_2018_fagd","Dr. Kristina J. Anderson-Teixeira, Smithsonian Institution, teixeirak@si.edu","Peru",-13.19,-71.59,3025,12.5,1706,"673","Neotropics","Cfb","Tropical mountain system","NAC","NAC","NAC","NAC","No disturbance","NI",0,0,0,"tropical","BNPP_root_fine",NA,"2007","2008",1.23
"129","Willow Creek (WC)-Chequamegon National Forest recently disturbed mature regrowth upland hardwood forest","Curtis_2002_baeb",66,16471,"Willow Creek (WC)-Chequamegon National Forest","recently disturbed mature regrowth upland hardwood forest","woody","2TDB","ANPP",NA,"1989","1999.99726",2.9,"NAC","Anderson-Teixeira_2018_fagd","Dr. Kristina J. Anderson-Teixeira, Smithsonian Institution, teixeirak@si.edu","United States of America",45.783,-90.083,480,4.8,776,"792","Nearctic","Dfb","Temperate continental forest","NAC","1933","NAC","NAC","No disturbance","1970",0,1,0,"temperate","BNPP_root_fine",NA,"1989","1999.99726",1.8
"130","Wind River Canopy Crane old-growth douglas fir and western hemlock","Harmon_2004_prao",499,16593,"Wind River Canopy Crane","old-growth douglas fir and western hemlock","woody","2TEN","ANPP","1999",NA,NA,2.72,"NAC","Anderson-Teixeira_2018_fagd","Dr. Kristina J. Anderson-Teixeira, Smithsonian Institution, teixeirak@si.edu","United States of America",45.82,-121.95,355,8.9,3725.5,"439","Nearctic","Csb","Temperate mountain system","NAC","1500","NAC","NAC","No disturbance","1500",0,0,0,"temperate","BNPP_root_fine","1999",NA,NA,0.91
"131","Wind River Canopy Crane old-growth douglas fir and western hemlock","Harmon_2004_prao",499,16596,"Wind River Canopy Crane","old-growth douglas fir and western hemlock","woody","2TEN","ANPP","1999",NA,NA,3.83,"NAC","Anderson-Teixeira_2018_fagd","Dr. Kristina J. Anderson-Teixeira, Smithsonian Institution, teixeirak@si.edu","United States of America",45.82,-121.95,355,8.9,3725.5,"439","Nearctic","Csb","Temperate mountain system","NAC","1500","NAC","NAC","No disturbance","1500",0,0,0,"temperate","BNPP_root_fine","1999",NA,NA,0.91
"132","Wytham Woods ancient semi-natural woodland","Fenn_2010_cdot",999,16717,"Wytham Woods","ancient semi-natural woodland","woody","2TB","ANPP","2008",NA,NA,4.42,"NAC","Anderson-Teixeira_2018_fagd","Dr. Kristina J. Anderson-Teixeira, Smithsonian Institution, teixeirak@si.edu","England",51.77,-1.32,NA,NA,NA,"798","Palearctic","Cfb","Temperate oceanic forest","18","NAC","NAC","NAC","No disturbance","1968",0,1,0,"temperate","BNPP_root_fine","2008",NA,NA,2.29
"133","Wytham Woods ancient semi-natural woodland","Fenn_2010_cdot",999,16716,"Wytham Woods","ancient semi-natural woodland","woody","2TB","ANPP","2007",NA,NA,3.41,"NAC","Anderson-Teixeira_2018_fagd","Dr. Kristina J. Anderson-Teixeira, Smithsonian Institution, teixeirak@si.edu","England",51.77,-1.32,NA,NA,NA,"798","Palearctic","Cfb","Temperate oceanic forest","18","NAC","NAC","NAC","No disturbance","1968",0,1,0,"temperate","BNPP_root_fine","2008",NA,NA,2.29
"134","Yenisei 138lm moderately burned Pinus sylvestris stand, lichen understory","Wirth_2002_babc",138,17090,"Yenisei 138lm","moderately burned Pinus sylvestris stand, lichen understory","woody","2TEN","ANPP",NA,"1998","2000",1.41,"NAC","Anderson-Teixeira_2018_fagd","Dr. Kristina J. Anderson-Teixeira, Smithsonian Institution, teixeirak@si.edu","Russia",60.72,89.13,90,-3.7,565,"426","Palearctic","Dfc","Boreal coniferous forest","NAC","1862","Initiation of post-disturbance cohort (planted or natural)","1862","Burned","1862",0,1,0,"boreal","BNPP_root_fine",NA,"1998","2000",0.81
"135","Yenisei 138lm moderately burned Pinus sylvestris stand, lichen understory","Wirth_2002_babc",138,17093,"Yenisei 138lm","moderately burned Pinus sylvestris stand, lichen understory","woody","2TEN","ANPP",NA,"1998","2000",1.63,"NAC","Anderson-Teixeira_2018_fagd","Dr. Kristina J. Anderson-Teixeira, Smithsonian Institution, teixeirak@si.edu","Russia",60.72,89.13,90,-3.7,565,"426","Palearctic","Dfc","Boreal coniferous forest","NAC","1862","Initiation of post-disturbance cohort (planted or natural)","1862","Burned","1862",0,1,0,"boreal","BNPP_root_fine",NA,"1998","2000",0.81
"136","Yenisei 200lm moderately burned Pinus sylvestris stand, lichen understory","Wirth_2002_babc",200,17118,"Yenisei 200lm","moderately burned Pinus sylvestris stand, lichen understory","woody","2TEN","ANPP",NA,"1998","2000",0.71,"NAC","Anderson-Teixeira_2018_fagd","Dr. Kristina J. Anderson-Teixeira, Smithsonian Institution, teixeirak@si.edu","Russia",60.72,89.13,90,-3.7,565,"426","Palearctic","Dfc","Boreal coniferous forest","NAC","1800","Initiation of post-disturbance cohort (planted or natural)","1800","Burned","1800",0,1,0,"boreal","BNPP_root_fine",NA,"1998","2000",0.65
"137","Yenisei 200lm moderately burned Pinus sylvestris stand, lichen understory","Wirth_2002_babc",200,17121,"Yenisei 200lm","moderately burned Pinus sylvestris stand, lichen understory","woody","2TEN","ANPP",NA,"1998","2000",0.77,"NAC","Anderson-Teixeira_2018_fagd","Dr. Kristina J. Anderson-Teixeira, Smithsonian Institution, teixeirak@si.edu","Russia",60.72,89.13,90,-3.7,565,"426","Palearctic","Dfc","Boreal coniferous forest","NAC","1800","Initiation of post-disturbance cohort (planted or natural)","1800","Burned","1800",0,1,0,"boreal","BNPP_root_fine",NA,"1998","2000",0.65
"138","Yenisei 204lm moderately burned Pinus sylvestris stand, lichen understory","Wirth_2002_babc",204,17131,"Yenisei 204lm","moderately burned Pinus sylvestris stand, lichen understory","woody","2TEN","ANPP",NA,"1998","2000",0.95,"NAC","Anderson-Teixeira_2018_fagd","Dr. Kristina J. Anderson-Teixeira, Smithsonian Institution, teixeirak@si.edu","Russia",60.72,89.13,90,-3.7,565,"426","Palearctic","Dfc","Boreal coniferous forest","NAC","1796","Initiation of post-disturbance cohort (planted or natural)","1796","Burned","1796",0,1,0,"boreal","BNPP_root_fine",NA,"1998","2000",0.62
"139","Yenisei 204lm moderately burned Pinus sylvestris stand, lichen understory","Wirth_2002_babc",204,17128,"Yenisei 204lm","moderately burned Pinus sylvestris stand, lichen understory","woody","2TEN","ANPP",NA,"1998","2000",0.84,"NAC","Anderson-Teixeira_2018_fagd","Dr. Kristina J. Anderson-Teixeira, Smithsonian Institution, teixeirak@si.edu","Russia",60.72,89.13,90,-3.7,565,"426","Palearctic","Dfc","Boreal coniferous forest","NAC","1796","Initiation of post-disturbance cohort (planted or natural)","1796","Burned","1796",0,1,0,"boreal","BNPP_root_fine",NA,"1998","2000",0.62
"140","Yenisei 215lh heavily burned Pinus sylvestris stand, lichen understory","Wirth_2002_babc",215,17138,"Yenisei 215lh","heavily burned Pinus sylvestris stand, lichen understory","woody","2TEN","ANPP",NA,"1998","2000",0.7,"NAC","Anderson-Teixeira_2018_fagd","Dr. Kristina J. Anderson-Teixeira, Smithsonian Institution, teixeirak@si.edu","Russia",60.72,89.13,90,-3.7,565,"426","Palearctic","Dfc","Boreal coniferous forest","NAC","1785","Initiation of post-disturbance cohort (planted or natural)","1785","Burned","1785",0,1,0,"boreal","BNPP_root_fine",NA,"1998","2000",0.65
"141","Yenisei 215lh heavily burned Pinus sylvestris stand, lichen understory","Wirth_2002_babc",215,17141,"Yenisei 215lh","heavily burned Pinus sylvestris stand, lichen understory","woody","2TEN","ANPP",NA,"1998","2000",0.8,"NAC","Anderson-Teixeira_2018_fagd","Dr. Kristina J. Anderson-Teixeira, Smithsonian Institution, teixeirak@si.edu","Russia",60.72,89.13,90,-3.7,565,"426","Palearctic","Dfc","Boreal coniferous forest","NAC","1785","Initiation of post-disturbance cohort (planted or natural)","1785","Burned","1785",0,1,0,"boreal","BNPP_root_fine",NA,"1998","2000",0.65
"142","Yenisei 383lm moderately burned Pinus sylvestris stand, lichen understory","Wirth_2002_babc",383,17179,"Yenisei 383lm","moderately burned Pinus sylvestris stand, lichen understory","woody","2TEN","ANPP",NA,"1998","2000",1.17,"NAC","Anderson-Teixeira_2018_fagd","Dr. Kristina J. Anderson-Teixeira, Smithsonian Institution, teixeirak@si.edu","Russia",60.72,89.13,90,-3.7,565,"426","Palearctic","Dfc","Boreal coniferous forest","NAC","1617","Initiation of post-disturbance cohort (planted or natural)","1617","Burned","1617",0,1,0,"boreal","BNPP_root_fine",NA,"1998","2000",0.86
"143","Yenisei 383lm moderately burned Pinus sylvestris stand, lichen understory","Wirth_2002_babc",383,17176,"Yenisei 383lm","moderately burned Pinus sylvestris stand, lichen understory","woody","2TEN","ANPP",NA,"1998","2000",1.08,"NAC","Anderson-Teixeira_2018_fagd","Dr. Kristina J. Anderson-Teixeira, Smithsonian Institution, teixeirak@si.edu","Russia",60.72,89.13,90,-3.7,565,"426","Palearctic","Dfc","Boreal coniferous forest","NAC","1617","Initiation of post-disturbance cohort (planted or natural)","1617","Burned","1617",0,1,0,"boreal","BNPP_root_fine",NA,"1998","2000",0.86
"144","Yenisei 53vm moderately burned Pinus sylvestris stand, mosses+Vaccinum understory","Wirth_2002_babc",53,17196,"Yenisei 53vm","moderately burned Pinus sylvestris stand, mosses+Vaccinum understory","woody","2TEN","ANPP",NA,"1998","2000",2.68,"NAC","Anderson-Teixeira_2018_fagd","Dr. Kristina J. Anderson-Teixeira, Smithsonian Institution, teixeirak@si.edu","Russia",60.72,89.13,90,-3.7,565,"426","Palearctic","Dfc","Boreal coniferous forest","NAC","1947","Initiation of post-disturbance cohort (planted or natural)","1947","Burned","1947",0,1,0,"boreal","BNPP_root_fine",NA,"1998","2000",1.83
"145","Yenisei 53vm moderately burned Pinus sylvestris stand, mosses+Vaccinum understory","Wirth_2002_babc",53,17199,"Yenisei 53vm","moderately burned Pinus sylvestris stand, mosses+Vaccinum understory","woody","2TEN","ANPP",NA,"1998","2000",3.58,"NAC","Anderson-Teixeira_2018_fagd","Dr. Kristina J. Anderson-Teixeira, Smithsonian Institution, teixeirak@si.edu","Russia",60.72,89.13,90,-3.7,565,"426","Palearctic","Dfc","Boreal coniferous forest","NAC","1947","Initiation of post-disturbance cohort (planted or natural)","1947","Burned","1947",0,1,0,"boreal","BNPP_root_fine",NA,"1998","2000",1.83
"146","Yenisei 67lm moderately burned Pinus sylvestris stand, lichen understory","Wirth_2002_babc",67,17209,"Yenisei 67lm","moderately burned Pinus sylvestris stand, lichen understory","woody","2TEN","ANPP",NA,"1998","2000",2.07,"NAC","Anderson-Teixeira_2018_fagd","Dr. Kristina J. Anderson-Teixeira, Smithsonian Institution, teixeirak@si.edu","Russia",60.72,89.13,90,-3.7,565,"426","Palearctic","Dfc","Boreal coniferous forest","NAC","1933","Initiation of post-disturbance cohort (planted or natural)","1933","Burned","1933",0,1,0,"boreal","BNPP_root_fine",NA,"1998","2000",0.89
"147","Yenisei 67lm moderately burned Pinus sylvestris stand, lichen understory","Wirth_2002_babc",67,17206,"Yenisei 67lm","moderately burned Pinus sylvestris stand, lichen understory","woody","2TEN","ANPP",NA,"1998","2000",1.77,"NAC","Anderson-Teixeira_2018_fagd","Dr. Kristina J. Anderson-Teixeira, Smithsonian Institution, teixeirak@si.edu","Russia",60.72,89.13,90,-3.7,565,"426","Palearctic","Dfc","Boreal coniferous forest","NAC","1933","Initiation of post-disturbance cohort (planted or natural)","1933","Burned","1933",0,1,0,"boreal","BNPP_root_fine",NA,"1998","2000",0.89
"148","Yenisei 95vm moderately burned Pinus sylvestris stand, mosses+Vaccinum understory","Wirth_2002_babc",95,17229,"Yenisei 95vm","moderately burned Pinus sylvestris stand, mosses+Vaccinum understory","woody","2TEN","ANPP",NA,"1998","2000",1.85,"NAC","Anderson-Teixeira_2018_fagd","Dr. Kristina J. Anderson-Teixeira, Smithsonian Institution, teixeirak@si.edu","Russia",60.72,89.13,90,-3.7,565,"426","Palearctic","Dfc","Boreal coniferous forest","NAC","1905","Initiation of post-disturbance cohort (planted or natural)","1905","Burned","1905",0,1,0,"boreal","BNPP_root_fine",NA,"1998","2000",0.99
"149","Yenisei 95vm moderately burned Pinus sylvestris stand, mosses+Vaccinum understory","Wirth_2002_babc",95,17226,"Yenisei 95vm","moderately burned Pinus sylvestris stand, mosses+Vaccinum understory","woody","2TEN","ANPP",NA,"1998","2000",1.63,"NAC","Anderson-Teixeira_2018_fagd","Dr. Kristina J. Anderson-Teixeira, Smithsonian Institution, teixeirak@si.edu","Russia",60.72,89.13,90,-3.7,565,"426","Palearctic","Dfc","Boreal coniferous forest","NAC","1905","Initiation of post-disturbance cohort (planted or natural)","1905","Burned","1905",0,1,0,"boreal","BNPP_root_fine",NA,"1998","2000",0.99
"150","Zafire unmanaged","Aragao_2009_aabn",999,17312,"Zafire","unmanaged","woody","2TEB","ANPP",NA,"2004","2006",4.794,"NAC","Anderson-Teixeira_2016_cdom; Anderson-Teixeira_2018_fagd","Dr. Kristina J. Anderson-Teixeira, Smithsonian Institution, teixeirak@si.edu","Brazil",-4,-69.9,130,25.5,2723,"824","Neotropics","Af","Tropical rainforest","1","NAC","NAC","NAC","No disturbance","NI",0,0,0,"tropical","BNPP_root_fine",NA,"2004","2006",3.666
