"","site_plot","citation.ID","stand.age","measurement.ID","sites.sitename","plot.name","dominant.life.form","dominant.veg","variable.name.x","date.x","start.date.x","end.date.x","mean.x","min.dbh","required.citations","ForC.investigator","country","lat","lon","masl","mat","map","geographic.area","biogeog","Koeppen","FAO.ecozone","plot.area","year.establishment.oldest.trees","regrowth.type","regrowth.year","distmrs.type","distmrs.year","managed","disturbed","history.no.info","optional","AnnualMeanTemp","MeanDiurnalRange","TempSeasonality","TempRangeAnnual","AnnualPre","PreSeasonality","CloudCover","AnnualFrostDays","AnnualPET","AnnualWetDays","VapourPressure","SolarRadiation","Aridity","PotentialEvapotranspiration","VapourPressureDeficit","biomes","variable.name.y","date.y","start.date.y","end.date.y","mean.y","ratio"
"1","Aheden unmanaged","Schulze_2000_tcan",180,92,"Aheden","unmanaged","woody","2TDB","ANPP_1","1995",NA,NA,1.25,"NAC","Anderson-Teixeira_2018_fagd","Dr. Kristina J. Anderson-Teixeira, Smithsonian Institution, teixeirak@si.edu","Sweden",64.21,19.5,175,1,588,"9","Europe","Dfc","Boreal coniferous forest","NAC","1815","NAC","NAC","NAC","NAC",0,1,0,TRUE,1.4,8.9,93.04,36.1,582,26,65.50826023,214.3545614,443.4614035,176.9464035,0.062416666,312736,9763,593,0.251944444,"boreal","ANPP_2","1995",NA,NA,1.87,0.668449197860963
"2","Andersby Angsbackar Site 3","DeAngelis_1981_pofe",120,20304,"Andersby Angsbackar","Site 3","woody","2TDB","ANPP_1","1970","1968","1973",2.773,"NAC","","Dr. Kristina J. Anderson-Teixeira, Smithsonian Institution, teixeirak@si.edu","Sweden",60,17,30,5.5,566,"NAC","Europe","Dfb","Temperate continental forest","NAC","1850","Initiation of post-disturbance cohort (planted or natural)","1850","NAC","NAC",0,0,0,TRUE,5.2,7.6,76.24,29.5,589,30,65.57675439,160.2990351,527.0061404,160.1968421,0.075583334,350679.2,8461,732,0.298625,"temperate","ANPP_2","1970","1968","1973",3.384,0.819444444444445
"3","Andrews 10 unmanaged","Luyssaert_2007_cbob",552,362,"Andrews 10","unmanaged","woody","2TEN","ANPP_1","2001",NA,NA,3.4,"NAC","Anderson-Teixeira_2018_fagd","Dr. Kristina J. Anderson-Teixeira, Smithsonian Institution, teixeirak@si.edu","United States of America",44.2479,-122.2008,785,NA,NA,"39","North America","Csb","Temperate mountain system","NAC","1449","Initiation of post-disturbance cohort (natural)","1449","NAC","NAC",0,0,0,TRUE,7.8,12.4,58.45,29.1,1897,65,66.29217836,159.637193,806.972807,123.8908772,0.074749999,508203,14223,1213,0.581194444,"temperate","ANPP_2","2001",NA,NA,3.76,0.904255319148936
"4","Andrews 11 unmanaged","Luyssaert_2007_cbob",795,386,"Andrews 11","unmanaged","woody","2TEN","ANPP_1","2001",NA,NA,5.54,"NAC","Anderson-Teixeira_2018_fagd","Dr. Kristina J. Anderson-Teixeira, Smithsonian Institution, teixeirak@si.edu","United States of America",44.2334,-122.1731,738,NA,NA,"39","North America","Csb","Temperate mountain system","NAC","1206","Initiation of post-disturbance cohort (natural)","1206","NAC","NAC",0,0,0,TRUE,7.3,12.5,58.75,29.3,1828,65,66.29217836,159.637193,806.972807,123.8908772,0.071666666,509053.6,13873,1208,0.581194444,"temperate","ANPP_2","2001",NA,NA,6.29,0.880763116057234
"5","Andrews 12 unmanaged","Luyssaert_2007_cbob",629,410,"Andrews 12","unmanaged","woody","2TEN","ANPP_1","2001",NA,NA,3.53,"NAC","Anderson-Teixeira_2018_fagd","Dr. Kristina J. Anderson-Teixeira, Smithsonian Institution, teixeirak@si.edu","United States of America",44.2587,-122.1818,812,NA,NA,"39","North America","Csb","Temperate mountain system","NAC","1372","Initiation of post-disturbance cohort (natural)","1372","NAC","NAC",0,0,0,TRUE,7.1,12.3,58.48,29.1,1871,65,66.29217836,159.637193,806.972807,123.8908772,0.071583333,507234.4,14234,1210,0.579680556,"temperate","ANPP_2","2001",NA,NA,4.09,0.863080684596577
"6","Ashu Kyoto unmanaged","DeAngelis_1981_pofe",150,20300,"Ashu Kyoto","unmanaged","woody","2TDB","ANPP_1","1966",NA,NA,4.4744,"NAC","Anderson-Teixeira_2018_fagd","Dr. Kristina J. Anderson-Teixeira, Smithsonian Institution, teixeirak@si.edu","Japan",35.33,135.75,680,11.3,2788,"46","Asia","Cfa","Temperate mountain system","NAC","1816","Initiation of post-disturbance cohort (natural)","1816","NAC","NAC",0,0,0,TRUE,10.1,7.4,83.99,30.7,2043,34,71.53026316,89.23754386,840.2710526,237.0954386,0.111416667,464044.9,20083,989,0.374194444,"temperate","ANPP_2","1966",NA,NA,2.2325,2.00421052631579
"7","Banco plateau Mature","DeAngelis_1981_pofe",999,20298,"Banco plateau","Mature","woody","2TEB","ANPP_1","1970","1966","1974",6.4484,"NAC","","Dr. Kristina J. Anderson-Teixeira, Smithsonian Institution, teixeirak@si.edu","Cote D'Ivoire",5.38,-4.03,100,26.2,2095,"60","Africa","Aw","Tropical rainforest","5","NAC","NAC","NAC","NAC","NAC",0,0,1,TRUE,26.1,7.4,10.93,11,1774,85,74.44883041,0,1161.45614,137.3528947,0.290916667,628808.9,11033,1538,0.653819444,"tropical","ANPP_2","1970","1966","1974",7.661,0.841717791411043
"8","Battle Ax 5 unmanaged","Luyssaert_2007_cbob",154,1290,"Battle Ax 5","unmanaged","woody","2TEN","ANPP_1","2001",NA,NA,1.46,"NAC","Anderson-Teixeira_2018_fagd","Dr. Kristina J. Anderson-Teixeira, Smithsonian Institution, teixeirak@si.edu","United States of America",44.836,-122.2246,1027,NA,NA,"66","North America","Csb","Temperate mountain system","NAC","1847","Initiation of post-disturbance cohort (natural)","1847","NAC","NAC",0,0,0,TRUE,7.2,10.3,52.45,25.1,2306,63,68.79429825,160.3940351,747.9245614,133.4398246,0.071166667,490119.2,19783,1131,0.501847222,"temperate","ANPP_2","2001",NA,NA,1.99,0.733668341708543
"9","Battle Ax 6 unmanaged","Luyssaert_2007_cbob",67,1300,"Battle Ax 6","unmanaged","woody","2TEN","ANPP_1","2001",NA,NA,3.4,"NAC","Anderson-Teixeira_2018_fagd","Dr. Kristina J. Anderson-Teixeira, Smithsonian Institution, teixeirak@si.edu","United States of America",44.8386,-122.2342,987,NA,NA,"66","North America","Csb","Temperate mountain system","NAC","1934","Initiation of post-disturbance cohort (natural)","1934","NAC","NAC",0,0,0,TRUE,6.5,10.1,52.37,24.9,2378,63,68.79429825,160.3940351,747.9245614,133.4398246,0.068500001,489987,20471,1129,0.501847222,"temperate","ANPP_2","2001",NA,NA,2.75,1.23636363636364
"10","Big Butte Springs 2 unmanaged","Luyssaert_2007_cbob",71,1504,"Big Butte Springs 2","unmanaged","woody","2TEN","ANPP_1","2001",NA,NA,2.46,"NAC","Anderson-Teixeira_2018_fagd","Dr. Kristina J. Anderson-Teixeira, Smithsonian Institution, teixeirak@si.edu","United States of America",42.586,-122.4478,931,NA,NA,"74","North America","Csb","Temperate mountain system","NAC","1930","Initiation of post-disturbance cohort (natural)","1930","NAC","NAC",0,0,0,TRUE,9,15.4,61,32.8,887,63,62.42207602,197.4075439,876.6719298,112.9767544,0.073416666,549296.2,6244,1418,0.750986111,"temperate","ANPP_2","2001",NA,NA,2.93,0.839590443686007
"11","Big Butte Springs 6 unmanaged","Luyssaert_2007_cbob",63,1548,"Big Butte Springs 6","unmanaged","woody","2TEN","ANPP_1","2001",NA,NA,4.02,"NAC","Anderson-Teixeira_2018_fagd","Dr. Kristina J. Anderson-Teixeira, Smithsonian Institution, teixeirak@si.edu","United States of America",42.6025,-122.4755,969,NA,NA,"74","North America","Csb","Temperate mountain system","NAC","1938","Initiation of post-disturbance cohort (natural)","1938","NAC","NAC",0,0,0,TRUE,8.6,15.2,60.57,32.5,920,63,62.42207602,197.4075439,876.6719298,112.9767544,0.071916666,547099.4,6807,1388,0.737916667,"temperate","ANPP_2","2001",NA,NA,2.08,1.93269230769231
"12","Blue Mountain 5 unmanaged","Luyssaert_2007_cbob",73,1792,"Blue Mountain 5","unmanaged","woody","2TEN","ANPP_1","2001",NA,NA,6.1,"NAC","Anderson-Teixeira_2018_fagd","Dr. Kristina J. Anderson-Teixeira, Smithsonian Institution, teixeirak@si.edu","United States of America",43.7037,-122.9292,876,NA,NA,"88","North America","Csb","Temperate mountain system","NAC","1928","Initiation of post-disturbance cohort (natural)","1928","NAC","NAC",0,0,0,TRUE,8.2,12.1,52.47,27.1,1719,65,64.75906433,119.8965789,877.5201754,120.1534211,0.077083333,503646.8,16022,1192,0.584805556,"temperate","ANPP_2","2001",NA,NA,4.6,1.32608695652174
"13","Blue Mountain 6 unmanaged","Luyssaert_2007_cbob",171,1804,"Blue Mountain 6","unmanaged","woody","2TEN","ANPP_1","2001",NA,NA,7.36,"NAC","Anderson-Teixeira_2018_fagd","Dr. Kristina J. Anderson-Teixeira, Smithsonian Institution, teixeirak@si.edu","United States of America",43.7062,-122.9356,704,NA,NA,"88","North America","Csb","Temperate mountain system","NAC","1830","Initiation of post-disturbance cohort (natural)","1830","NAC","NAC",0,0,0,TRUE,8.9,12.2,52.03,27.1,1615,64,64.75906433,119.8965789,877.5201754,120.1534211,0.081833334,503012.2,14811,1198,0.584805556,"temperate","ANPP_2","2001",NA,NA,4.55,1.61758241758242
"14","Breitenbush Hot Springs 5 unmanaged","Luyssaert_2007_cbob",300,2361,"Breitenbush Hot Springs 5","unmanaged","woody","2TEN","ANPP_1","2001",NA,NA,3.3,"NAC","Anderson-Teixeira_2018_fagd","Dr. Kristina J. Anderson-Teixeira, Smithsonian Institution, teixeirak@si.edu","United States of America",44.7723,-121.9007,1310,NA,NA,"66","North America","Csb","Temperate mountain system","NAC","1701","Initiation of post-disturbance cohort (natural)","1701","NAC","NAC",0,0,0,TRUE,5.2,10.7,56.61,27.2,1991,63,68.57660819,188.4214035,733.9736842,125.8402632,0.061166666,498816.8,17592,1117,0.4855,"temperate","ANPP_2","2001",NA,NA,1.63,2.02453987730061
"15","Breitenbush Hot Springs 6 unmanaged","Luyssaert_2007_cbob",282,2372,"Breitenbush Hot Springs 6","unmanaged","woody","2TEN","ANPP_1","2001",NA,NA,3.06,"NAC","Anderson-Teixeira_2018_fagd","Dr. Kristina J. Anderson-Teixeira, Smithsonian Institution, teixeirak@si.edu","United States of America",44.7855,-121.8935,1383,NA,NA,"66","North America","Csb","Temperate mountain system","NAC","1719","Initiation of post-disturbance cohort (natural)","1719","NAC","NAC",0,0,0,TRUE,5.4,10.8,56.63,27.2,1967,63,68.57660819,188.4214035,733.9736842,125.8402632,0.061166666,498739.2,17709,1105,0.4855,"temperate","ANPP_2","2001",NA,NA,3.9,0.784615384615385
"16","Cajunuma unmanaged","Moser_2011_eeot",999,2427,"Cajunuma","unmanaged","woody","2TEB","ANPP_1",NA,"2003","2004",0.99,"NAC","Anderson-Teixeira_2016_cdom; Anderson-Teixeira_2018_fagd","Dr. Kristina J. Anderson-Teixeira, Smithsonian Institution, teixeirak@si.edu","Ecuador",-4.12,-79.18,3060,9.399999619,4500,"114","South America","Cfb","Tropical mountain system","NAC","NAC","NAC","NAC","No disturbance","NI",0,0,0,TRUE,14.6,10.3,3.1,11.7,1116,40,73.40665205,19.07850877,1607.175439,171.9761404,0.134333332,513864.5,9708,1158,0.393263889,"tropical","ANPP_2",NA,"2003","2004",1.18,0.838983050847458
"17","Canal Flats mesic 1 unmanaged","Comeau_1999_nbfc",70,2517,"Canal Flats mesic 1","unmanaged","woody","2TEN","ANPP_1","1984",NA,NA,2.93,"NAC","Anderson-Teixeira_2018_fagd","Dr. Kristina J. Anderson-Teixeira, Smithsonian Institution, teixeirak@si.edu","Canada",50.1,-115.25,1340,1.4,634,"129","North America","Dfc","Temperate mountain system","NAC","1914","Initiation of post-disturbance cohort (natural)","NAC","Burned","NAC",0,0,0,TRUE,0.5,12.1,79.86,37,710,18,63.37807018,290.3835965,564.7938596,128.1683333,0.047166667,467212.5,7802,877,0.345041667,"temperate","ANPP_2","1984",NA,NA,3.07,0.954397394136808
"18","Canal Flats mesic 2 unmanaged","Comeau_1999_nbfc",78,2534,"Canal Flats mesic 2","unmanaged","woody","2TEN","ANPP_1","1984",NA,NA,3.36,"NAC","Anderson-Teixeira_2018_fagd","Dr. Kristina J. Anderson-Teixeira, Smithsonian Institution, teixeirak@si.edu","Canada",50.1,-115.25,1340,1.4,634,"129","North America","Dfc","Temperate mountain system","NAC","1906","Initiation of post-disturbance cohort (natural)","NAC","Burned","NAC",0,0,0,TRUE,0.5,12.1,79.86,37,710,18,63.37807018,290.3835965,564.7938596,128.1683333,0.047166667,467212.5,7802,877,0.345041667,"temperate","ANPP_2","1984",NA,NA,3.55,0.946478873239437
"19","Canal Flats xeric 1 unmanaged","Comeau_1999_nbfc",70,2551,"Canal Flats xeric 1","unmanaged","woody","2TEN","ANPP_1","1984",NA,NA,1.57,"NAC","Anderson-Teixeira_2018_fagd","Dr. Kristina J. Anderson-Teixeira, Smithsonian Institution, teixeirak@si.edu","Canada",50.1,-115.25,1340,1.4,634,"129","North America","Dfc","Temperate mountain system","NAC","1914","Initiation of post-disturbance cohort (natural)","NAC","Burned","NAC",0,0,0,TRUE,0.5,12.1,79.86,37,710,18,63.37807018,290.3835965,564.7938596,128.1683333,0.047166667,467212.5,7802,877,0.345041667,"temperate","ANPP_2","1984",NA,NA,1.67,0.940119760479042
"20","Canal Flats xeric 2 unmanaged","Comeau_1999_nbfc",70,2568,"Canal Flats xeric 2","unmanaged","woody","2TEN","ANPP_1","1984",NA,NA,1.48,"NAC","Anderson-Teixeira_2018_fagd","Dr. Kristina J. Anderson-Teixeira, Smithsonian Institution, teixeirak@si.edu","Canada",50.1,-115.25,1340,1.4,634,"129","North America","Dfc","Temperate mountain system","NAC","1914","Initiation of post-disturbance cohort (natural)","NAC","Burned","NAC",0,0,0,TRUE,0.5,12.1,79.86,37,710,18,63.37807018,290.3835965,564.7938596,128.1683333,0.047166667,467212.5,7802,877,0.345041667,"temperate","ANPP_2","1984",NA,NA,1.58,0.936708860759494
"21","Cascade Head 10 unmanaged","Luyssaert_2007_cbob",185,2666,"Cascade Head 10","unmanaged","woody","2TEN","ANPP_1","2001",NA,NA,3.42,"NAC","Anderson-Teixeira_2018_fagd","Dr. Kristina J. Anderson-Teixeira, Smithsonian Institution, teixeirak@si.edu","United States of America",45.0679,-123.8882,255,NA,NA,"137","North America","Csb","Temperate mountain system","NAC","1816","Initiation of post-disturbance cohort (natural)","1816","NAC","NAC",0,0,0,TRUE,9.2,10,37.66,20.4,2747,66,69.49524854,81.03947368,696.477193,169.9778947,0.096083333,452242.3,31760,869,0.322152778,"temperate","ANPP_2","2001",NA,NA,3.58,0.955307262569832
"22","Cascade Head 11 unmanaged","Luyssaert_2007_cbob",168,2689,"Cascade Head 11","unmanaged","woody","2TEN","ANPP_1","2001",NA,NA,2.68,"NAC","Anderson-Teixeira_2018_fagd","Dr. Kristina J. Anderson-Teixeira, Smithsonian Institution, teixeirak@si.edu","United States of America",45.0819,-123.9038,236,NA,NA,"137","North America","Csb","Temperate mountain system","NAC","1833","Initiation of post-disturbance cohort (natural)","1833","NAC","NAC",0,0,0,TRUE,9.5,9.8,36.64,19.9,2649,65,69.49524854,81.03947368,696.477193,169.9778947,0.098583333,452063.3,30721,865,0.322152778,"temperate","ANPP_2","2001",NA,NA,2.93,0.914675767918089
"23","Cascade Head 12 unmanaged","Luyssaert_2007_cbob",178,2712,"Cascade Head 12","unmanaged","woody","2TEN","ANPP_1","2001",NA,NA,2.45,"NAC","Anderson-Teixeira_2018_fagd","Dr. Kristina J. Anderson-Teixeira, Smithsonian Institution, teixeirak@si.edu","United States of America",45.0445,-123.9007,261,NA,NA,"137","North America","Csb","Temperate mountain system","NAC","1823","Initiation of post-disturbance cohort (natural)","1823","NAC","NAC",0,0,0,TRUE,9.5,9.8,37.13,20,2662,65,69.49524854,81.03947368,696.477193,169.9778947,0.09825,453772.4,29886,895,0.322152778,"temperate","ANPP_2","2001",NA,NA,2.59,0.945945945945946
"24","Caxiuana unmanaged","Luyssaert_2007_cbob",999,2961,"Caxiuana","unmanaged","woody","2TEB","ANPP_1","2005",NA,NA,6.02,"NAC","Anderson-Teixeira_2016_cdom; Anderson-Teixeira_2018_fagd","Dr. Kristina J. Anderson-Teixeira, Smithsonian Institution, teixeirak@si.edu","Brazil",-1.72,-51.45,NA,NA,2500,"140","South America","Af","Tropical rainforest","NAC","NAC","NAC","NAC","No disturbance","1970",0,0,0,TRUE,26.7,9.8,4.17,11.3,2205,51,78.23530702,0,1111.834211,257.3783333,0.2875,566913.3,15655,1412,0.588013889,"tropical","ANPP_2","2005",NA,NA,6.42,0.937694704049844
"25","Chakia tropical dry deciduous forest","DeAngelis_1981_pofe",60,20297,"Chakia","tropical dry deciduous forest","woody","2TDB","ANPP_1","1971",NA,NA,1.1421,"NAC","Anderson-Teixeira_2018_fagd","Dr. Kristina J. Anderson-Teixeira, Smithsonian Institution, teixeirak@si.edu","India",25.33,83,350,25.6,844,"151","Asia","Cwa","Tropical dry forest","NAC","1911","Initiation of post-disturbance cohort (planted or natural)","1911","NAC","NAC",0,0,0,TRUE,26.1,12.4,59.44,32.1,995,132,38.89247076,0.465,1568.447368,44.20921053,0.21175,701672.5,5286,1972,1.719138889,"tropical","ANPP_2","1971",NA,NA,3.73086,0.306122448979592
"26","El Verde secondary forest mature secondary","Lugo_1992_cott",51,4821,"El Verde secondary forest","mature secondary","woody","2TEB","ANPP_1",NA,"1982","1984",5.781,"NAC","Anderson-Teixeira_2016_cdom; Anderson-Teixeira_2018_fagd","Dr. Kristina J. Anderson-Teixeira, Smithsonian Institution, teixeirak@si.edu","United States of America",18.3,-66.833333,200,22.3,3920,"184","North America","Am","Tropical rainforest","0.2","1930","Initiation of post-disturbance cohort (natural)","1930","NAC","NAC",0,0,0,TRUE,23.6,11,11.8,14.4,2220,39,60.90665205,0,1098.628947,210.7945614,0.235333331,683287.5,12291,1742,0.730736111,"tropical","ANPP_2","1982","1980","1983",6.768,0.854166666666667
"27","Emigrant Butte 4 unmanaged","Luyssaert_2007_cbob",442,4861,"Emigrant Butte 4","unmanaged","woody","2TEN","ANPP_1","2001",NA,NA,2.02,"NAC","Anderson-Teixeira_2018_fagd","Dr. Kristina J. Anderson-Teixeira, Smithsonian Institution, teixeirak@si.edu","United States of America",43.4991,-122.1899,1487,NA,NA,"240","North America","Csb","Temperate mountain system","NAC","1559","Initiation of post-disturbance cohort (natural)","1559","NAC","NAC",0,0,0,TRUE,5.1,13.7,60.21,31.3,1318,67,64.13326023,201.5639474,822.6192982,117.5963158,0.058,527075.4,12351,1089,0.491236111,"temperate","ANPP_2","2001",NA,NA,2.62,0.770992366412214
"28","Emigrant Butte 6 unmanaged","Luyssaert_2007_cbob",118,4883,"Emigrant Butte 6","unmanaged","woody","2TEN","ANPP_1","2001",NA,NA,4.32,"NAC","Anderson-Teixeira_2018_fagd","Dr. Kristina J. Anderson-Teixeira, Smithsonian Institution, teixeirak@si.edu","United States of America",43.4949,-122.1896,1439,NA,NA,"240","North America","Csb","Temperate mountain system","NAC","1883","Initiation of post-disturbance cohort (natural)","1883","NAC","NAC",0,0,0,TRUE,5.1,13.7,60.21,31.3,1318,67,64.13326023,201.5639474,822.6192982,117.5963158,0.058,527075.4,12351,1089,0.491236111,"temperate","ANPP_2","2001",NA,NA,3.25,1.32923076923077
"29","Fontainebleu Fontainebleu","DeAngelis_1981_pofe",999,20294,"Fontainebleu","Fontainebleu","woody","2TDB","ANPP_1","1970","1968","1974",1.5698,"NAC","","Dr. Kristina J. Anderson-Teixeira, Smithsonian Institution, teixeirak@si.edu","France",48.4764,2.7801,135,10.15,674,"NAC","Europe","Cfb","Temperate oceanic forest","NAC","NAC","Initiation of post-disturbance cohort (planted or natural)","NAC","NAC","NAC",0,0,0,TRUE,10.9,8.9,57.26,24.4,647,9,67.4629386,63.4022807,789.2105263,166.4426316,0.104583334,419736.9,6808,929,0.397305556,"temperate","ANPP_2","1970","1968","1974",2.068,0.759090909090909
"30","Grants Pass 6 unmanaged","Luyssaert_2007_cbob",307,5671,"Grants Pass 6","unmanaged","woody","2TEN","ANPP_1","2001",NA,NA,4.78,"NAC","Anderson-Teixeira_2018_fagd","Dr. Kristina J. Anderson-Teixeira, Smithsonian Institution, teixeirak@si.edu","United States of America",42.4725,-123.2665,954,NA,NA,"291","North America","Csb","Temperate mountain system","NAC","1694","Initiation of post-disturbance cohort (natural)","1694","NAC","NAC",0,0,0,TRUE,9,14.4,56.17,30.2,860,69,62.14057018,132.0842982,947.277193,110.1292105,0.077583333,528552.7,8536,1372,0.800888889,"temperate","ANPP_2","2001",NA,NA,3.26,1.46625766871166
"31","Hainich unmanaged","Bascietto_2003_dots",252,5893,"Hainich","unmanaged","woody","2TDB","ANPP_1",NA,"2000","2002",3.47,"NAC","Anderson-Teixeira_2018_fagd","Dr. Kristina J. Anderson-Teixeira, Smithsonian Institution, teixeirak@si.edu","Germany",51.0792,10.453,440,8.09,794.92,"305","Europe","Cfb","Temperate oceanic forest","NAC","1750","Initiation of post-disturbance cohort (natural)","1750","NAC","NAC",0,0,0,TRUE,7.1,8.4,62.84,25.3,736,16,75.0377193,118.1057018,595.9719298,180.7215789,0.085666668,369192.6,10667,815,0.347,"temperate","ANPP_2",NA,"2000","2002",3.47,1
"32","Hestehaven NI","DeAngelis_1981_pofe",85,20293,"Hestehaven","NI","woody","2TDB","ANPP_1","1970",NA,NA,6.627,"NAC","Anderson-Teixeira_2018_fagd","Dr. Kristina J. Anderson-Teixeira, Smithsonian Institution, teixeirak@si.edu","Denmark",56.3,10.48,11,7.1,660,"317","Europe","Cfb","Temperate oceanic forest","NAC","1885","Initiation of post-disturbance cohort (planted or natural)","1885","NAC","NAC",0,0,0,TRUE,7.6,6.9,59.02,24,593,21,68.13369883,121.0680702,534.8368421,169.0034211,0.09375,353034.9,9598,694,0.250263889,"temperate","ANPP_2","1970",NA,NA,3.3135,2
"33","Jezeri PO","Schulze_2000_tcan",79,7236,"Jezeri","PO","woody","2TDB","ANPP_1","1995",NA,NA,3.79,"NAC","Anderson-Teixeira_2018_fagd","Dr. Kristina J. Anderson-Teixeira, Smithsonian Institution, teixeirak@si.edu","Czech Republic",50.55,13.46,750,5.9,935,"348","Europe","Cfb","Temperate mountain system","NAC","1916","Planted","NAC","NAC","NAC",0,0,0,TRUE,5.1,6.8,65.95,24.8,787,23,74.1869883,131.0028947,667.0745614,178.0578947,0.079583333,372622,12382,724,0.254458333,"temperate","ANPP_2","1995",NA,NA,5.99,0.632721202003339
"34","Langarod NI","DeAngelis_1981_pofe",103,20307,"Langarod","NI","woody","2TDB","ANPP_1",NA,"1966","1969",4.465,"NAC","Anderson-Teixeira_2018_fagd","Dr. Kristina J. Anderson-Teixeira, Smithsonian Institution, teixeirak@si.edu","Sweden",55.75,13.92,120,6,900,"410","Europe","Cfb","Temperate oceanic forest","NAC","1866","Initiation of post-disturbance cohort (planted or natural)","1866","NAC","NAC",0,0,0,TRUE,7.1,5.8,61.58,22.6,661,20,65.79108187,120.0007895,581.0078947,174.1252632,0.085416666,360666.8,11298,713,0.241458333,"temperate","ANPP_2",NA,"1966","1969",2.3406,1.90763052208835
"35","Les Na Vorskle_7 Site 7","DeAngelis_1981_pofe",80,20312,"Les Na Vorskle_7","Site 7","woody","2TREE","ANPP_1","1970","1966","1971",3.9245,"NAC","","Dr. Kristina J. Anderson-Teixeira, Smithsonian Institution, teixeirak@si.edu","Russia",50.6,36,195,6,537,"NAC","Europe","Dfb","Temperate continental forest","NAC","1890","Initiation of post-disturbance cohort (planted or natural)","1890","NAC","NAC",0,0,0,TRUE,6.8,8.3,99.05,35.5,571,23,66.03676901,150.6446491,752.9692982,148.3773684,0.080749999,400587.8,6639,935,0.446055556,"temperate","ANPP_2","1970","1966","1971",4.606,0.852040816326531
"36","Les Na Vorskle_8 Site 8","DeAngelis_1981_pofe",250,20313,"Les Na Vorskle_8","Site 8","woody","2TREE","ANPP_1","1970","1966","1971",3.4498,"NAC","","Dr. Kristina J. Anderson-Teixeira, Smithsonian Institution, teixeirak@si.edu","Russia",50.6,36,200,6,537,"NAC","Europe","Dfb","Temperate continental forest","NAC","1720","Initiation of post-disturbance cohort (planted or natural)","1720","NAC","NAC",0,0,0,TRUE,6.8,8.3,99.05,35.5,571,23,66.03676901,150.6446491,752.9692982,148.3773684,0.080749999,400587.8,6639,935,0.446055556,"temperate","ANPP_2","1970","1966","1971",4.512,0.764583333333334
"37","Linnebjer NI","DeAngelis_1981_pofe",191,20308,"Linnebjer","NI","woody","2TDB","ANPP_1","1965",NA,NA,5.5601,"NAC","Anderson-Teixeira_2018_fagd","Dr. Kristina J. Anderson-Teixeira, Smithsonian Institution, teixeirak@si.edu","Sweden",55.73,13.3,60,7,644,"410","Europe","Cfb","Temperate oceanic forest","NAC","1774","Initiation of post-disturbance cohort (planted or natural)","1774","NAC","NAC",0,0,0,TRUE,7.6,6.1,61.74,23,678,22,66.0625731,115.3694737,579.8552632,172.5008772,0.088500001,361972,9018,755,0.282597222,"temperate","ANPP_2","1965",NA,NA,2.8482,1.95214521452145
"38","Lookout Mountains 5 NI","Luyssaert_2007_cbob",111,8474,"Lookout Mountains 5","NI","woody","2TEN","ANPP_1","2001",NA,NA,4.36,"NAC","Anderson-Teixeira_2018_fagd","Dr. Kristina J. Anderson-Teixeira, Smithsonian Institution, teixeirak@si.edu","United States of America",45.8344,-122.0899,989,NA,NA,"439","North America","Csb","Temperate mountain system","NAC","1890","Initiation of post-disturbance cohort (planted or natural)","1890","NAC","NAC",0,0,0,TRUE,6.2,9.6,53.38,24.9,2637,64,70.00789474,113.9348246,795.5096491,141.1185965,0.068416666,461871.5,25266,987,0.422708333,"temperate","ANPP_2","2001",NA,NA,2,2.18
"39","Lookout Mountains 6 NI","Luyssaert_2007_cbob",85,8486,"Lookout Mountains 6","NI","woody","2TEN","ANPP_1","2001",NA,NA,6.38,"NAC","Anderson-Teixeira_2018_fagd","Dr. Kristina J. Anderson-Teixeira, Smithsonian Institution, teixeirak@si.edu","United States of America",45.8464,-122.1093,1200,NA,NA,"439","North America","Csb","Temperate mountain system","NAC","1916","Initiation of post-disturbance cohort (planted or natural)","1916","NAC","NAC",0,0,0,TRUE,5.3,9.2,52.59,24.1,2744,63,70.00789474,113.9348246,795.5096491,141.1185965,0.06425,460569.8,26514,985,0.422708333,"temperate","ANPP_2","2001",NA,NA,4.95,1.28888888888889
"40","Meerdink Meerdink","DeAngelis_1981_pofe",140,20302,"Meerdink","Meerdink","woody","2TDB","ANPP_1","1969","1967","1970",4.7611,"NAC","","Dr. Kristina J. Anderson-Teixeira, Smithsonian Institution, teixeirak@si.edu","Netherlands",51.9,6.7,45,8.6,780,"NAC","Europe","Cfb","Temperate oceanic forest","NAC","1830","Initiation of post-disturbance cohort (planted or natural)","1830","NAC","NAC",0,0,0,TRUE,9.6,7.6,56,22.8,787,14,77.93457602,79.07280702,625.5587719,186.2435088,0.099333332,353667.5,10152,786,0.328458333,"temperate","ANPP_2","1969","1967","1970",5.264,0.904464285714286
"41","Metolius 10 unmanaged","Luyssaert_2007_cbob",190,9170,"Metolius 10","unmanaged","woody","2TEN","ANPP_1","2001",NA,NA,2.14,"NAC","Anderson-Teixeira_2018_fagd","Dr. Kristina J. Anderson-Teixeira, Smithsonian Institution, teixeirak@si.edu","United States of America",44.4982,-121.6249,895,NA,NA,"366","North America","Csb","Temperate mountain system","NAC","1811","Initiation of post-disturbance cohort (natural)","1811","NAC","NAC",0,0,0,TRUE,7.3,14.6,61.95,32.7,780,60,66.83289474,205.400614,761.8017544,121.5942982,0.068166667,519046.3,6065,1236,0.569388889,"temperate","ANPP_2","2001",NA,NA,2.42,0.884297520661157
"42","Metolius 11 unmanaged","Luyssaert_2007_cbob",316,9193,"Metolius 11","unmanaged","woody","2TEN","ANPP_1","2001",NA,NA,0.92,"NAC","Anderson-Teixeira_2018_fagd","Dr. Kristina J. Anderson-Teixeira, Smithsonian Institution, teixeirak@si.edu","United States of America",44.4222,-121.6066,1129,NA,NA,"366","North America","Csb","Temperate mountain system","NAC","1685","Initiation of post-disturbance cohort (natural)","1685","NAC","NAC",0,0,0,TRUE,6.4,14.3,60.93,32.3,814,60,66.83289474,205.400614,761.8017544,121.5942982,0.063166667,523406.9,6426,1237,0.589805556,"temperate","ANPP_2","2001",NA,NA,1.02,0.901960784313726
"43","Metolius Old Pine mosaic of old growth, young trees, and mixed age stands natural regeneration after fire","Luyssaert_2007_cbob",251,9458,"Metolius Old Pine","mosaic of old growth, young trees, and mixed age stands natural regeneration after fire","woody","2TEN","ANPP_1","2001",NA,NA,1.71,"NAC","Anderson-Teixeira_2018_fagd","Dr. Kristina J. Anderson-Teixeira, Smithsonian Institution, teixeirak@si.edu","United States of America",44.498889,-121.623611,915,8.15,482.13,"366","North America","Csb","Temperate mountain system","NAC","1748","Initiation of post-disturbance cohort (natural)","1748","Burned","1748",0,1,0,TRUE,7.3,14.6,61.95,32.7,780,60,66.83289474,205.400614,761.8017544,121.5942982,0.068166667,519046.3,6065,1236,0.569388889,"temperate","ANPP_2","2001",NA,NA,1.87,0.914438502673797
"44","Mill City South 5 NI","Luyssaert_2007_cbob",99,9590,"Mill City South 5","NI","woody","2TEN","ANPP_1","2001",NA,NA,3.34,"NAC","Anderson-Teixeira_2018_fagd","Dr. Kristina J. Anderson-Teixeira, Smithsonian Institution, teixeirak@si.edu","United States of America",44.7301,-122.3909,466,NA,NA,"66","North America","Csb","Temperate mountain system","NAC","1902","Initiation of post-disturbance cohort (planted or natural)","1902","NAC","NAC",0,0,0,TRUE,9.3,10.6,50.86,24.8,2195,61,68.79429825,160.3940351,747.9245614,133.4398246,0.082999999,488025.8,17932,1168,0.540361111,"temperate","ANPP_2","2001",NA,NA,3.9,0.856410256410256
"45","Mill City South 6 NI","Luyssaert_2007_cbob",74,9600,"Mill City South 6","NI","woody","2TEN","ANPP_1","2001",NA,NA,4.74,"NAC","Anderson-Teixeira_2018_fagd","Dr. Kristina J. Anderson-Teixeira, Smithsonian Institution, teixeirak@si.edu","United States of America",44.7019,-122.5,676,NA,NA,"66","North America","Csb","Temperate mountain system","NAC","1927","Initiation of post-disturbance cohort (planted or natural)","1927","NAC","NAC",0,0,0,TRUE,7.6,10.3,49.84,24.4,2346,62,68.79429825,160.3940351,747.9245614,133.4398246,0.076500001,484707.4,19922,1141,0.533736111,"temperate","ANPP_2","2001",NA,NA,3.5,1.35428571428571
"46","Mount Jefferson 4 unmanaged","Luyssaert_2007_cbob",262,9832,"Mount Jefferson 4","unmanaged","woody","2TEN","ANPP_1","2001",NA,NA,1.59,"NAC","Anderson-Teixeira_2018_fagd","Dr. Kristina J. Anderson-Teixeira, Smithsonian Institution, teixeirak@si.edu","United States of America",44.6882,-121.865,1177,NA,NA,"66","North America","Csb","Temperate mountain system","NAC","1739","Initiation of post-disturbance cohort (natural)","1739","NAC","NAC",0,0,0,TRUE,5.1,11.1,57.79,28,1868,63,68.57660819,188.4214035,733.9736842,125.8402632,0.061583333,500050.8,16292,1107,0.465597222,"temperate","ANPP_2","2001",NA,NA,1.06,1.5
"47","Mount Jefferson 5 unmanaged","Luyssaert_2007_cbob",304,9844,"Mount Jefferson 5","unmanaged","woody","2TEN","ANPP_1","2001",NA,NA,2.14,"NAC","Anderson-Teixeira_2018_fagd","Dr. Kristina J. Anderson-Teixeira, Smithsonian Institution, teixeirak@si.edu","United States of America",44.6958,-121.8698,1069,NA,NA,"66","North America","Csb","Temperate mountain system","NAC","1697","Initiation of post-disturbance cohort (natural)","1697","NAC","NAC",0,0,0,TRUE,6.2,11.7,58.12,28.6,1708,63,68.57660819,188.4214035,733.9736842,125.8402632,0.0655,501193.5,14946,1115,0.465597222,"temperate","ANPP_2","2001",NA,NA,1.62,1.32098765432099
"48","Mt. Disappointment NI","DeAngelis_1981_pofe",68,20288,"Mt. Disappointment","NI","woody","2TEB","ANPP_1",NA,"1968","1972",3.525,"NAC","Anderson-Teixeira_2018_fagd","Dr. Kristina J. Anderson-Teixeira, Smithsonian Institution, teixeirak@si.edu","Australia",-37.42,145.17,545,11.2,982,"148","Australia","Cfb","Temperate mountain system","NAC","1904","Initiation of post-disturbance cohort (planted or natural)","1904","NAC","NAC",0,0,0,TRUE,10.9,10.2,43.54,22.7,1360,32,55.83998538,36.67745614,988.6964912,141.5718421,0.094499999,559041.4,10906,1231,0.529125,"temperate","ANPP_2",NA,"1968","1972",1.88,1.875
"49","Nacetin PO","Schulze_2000_tcan",58,9940,"Nacetin","PO","woody","2TEN","ANPP_1","1995",NA,NA,3.46,"NAC","Anderson-Teixeira_2018_fagd","Dr. Kristina J. Anderson-Teixeira, Smithsonian Institution, teixeirak@si.edu","Czech Republic",50.58,13.25,775,5.9,935,"348","Europe","Cfb","Temperate mountain system","NAC","1937","Planted","1937","NAC","NAC",0,0,0,TRUE,5.2,6.9,65.35,24.7,808,21,74.1869883,131.0028947,667.0745614,178.0578947,0.077916667,368154.9,14010,665,0.223166667,"temperate","ANPP_2","1995",NA,NA,4.76,0.726890756302521
"50","Ontario site region 5 site 1 Site 1","DeAngelis_1981_pofe",84,20289,"Ontario site region 5 site 1","Site 1","woody","2TEN","ANPP_1","1970","1961","1975",2.0116,"NAC","","Dr. Kristina J. Anderson-Teixeira, Smithsonian Institution, teixeirak@si.edu","Canada",45.2,-78.4,465,4,1242.5,"NAC","North America","Dfb","Temperate continental forest","NAC","1886","Initiation of post-disturbance cohort (planted or natural)","1886","NAC","NAC",0,0,0,TRUE,4.4,11,104,41.2,920,13,62.5999269,195.3729825,646.5377193,127.76,0.080833333,458288.4,11798,823,0.303458333,"temperate","ANPP_2","1970","1961","1975",2.120546,0.948623609202536
"51","Ontario site region 5 site 2 Site 2","DeAngelis_1981_pofe",246,20290,"Ontario site region 5 site 2","Site 2","woody","2TEN","ANPP_1","1970","1961","1975",3.7694,"NAC","","Dr. Kristina J. Anderson-Teixeira, Smithsonian Institution, teixeirak@si.edu","Canada",45.5,-78.8,495,4,1242.5,"NAC","North America","Dfb","Temperate continental forest","NAC","1724","Initiation of post-disturbance cohort (planted or natural)","1724","NAC","NAC",0,0,0,TRUE,3.5,11.1,105.7,41.8,997,14,62.35160819,192.9446491,651.2105263,146.5672807,0.07725,453303.8,14187,789,0.277083333,"temperate","ANPP_2","1970","1961","1975",4.09088,0.921415441176471
"52","Ontario site region 5 site 3 Site 3","DeAngelis_1981_pofe",212,20291,"Ontario site region 5 site 3","Site 3","woody","2TEN","ANPP_1","1970","1961","1975",4.5261,"NAC","","Dr. Kristina J. Anderson-Teixeira, Smithsonian Institution, teixeirak@si.edu","Canada",45.3,-78.3,480,4,1242.5,"NAC","North America","Dfb","Temperate continental forest","NAC","1758","Initiation of post-disturbance cohort (planted or natural)","1758","NAC","NAC",0,0,0,TRUE,3.6,11,104.69,41.4,945,14,62.5999269,195.3729825,646.5377193,127.76,0.077833333,455414.8,12451,797,0.275763889,"temperate","ANPP_2","1970","1961","1975",4.650791,0.973189291886047
"53","Ontario site region 5 site 4 Site 4","DeAngelis_1981_pofe",130,20292,"Ontario site region 5 site 4","Site 4","woody","2TEN","ANPP_1","1970","1961","1975",1.6121,"NAC","","Dr. Kristina J. Anderson-Teixeira, Smithsonian Institution, teixeirak@si.edu","Canada",45.3,-78.3,503,4,1242.5,"NAC","North America","Dfb","Temperate continental forest","NAC","1840","Initiation of post-disturbance cohort (planted or natural)","1840","NAC","NAC",0,0,0,TRUE,3.6,11,104.69,41.4,945,14,62.5999269,195.3729825,646.5377193,127.76,0.077833333,455414.8,12451,797,0.275763889,"temperate","ANPP_2","1970","1961","1975",1.801087,0.89507058792829
"54","Oved NI","DeAngelis_1981_pofe",102,20309,"Oved","NI","woody","2TDB","ANPP_1",NA,"1966","1968",7.473,"NAC","Anderson-Teixeira_2018_fagd","Dr. Kristina J. Anderson-Teixeira, Smithsonian Institution, teixeirak@si.edu","Sweden",55.7,13.63,60,7,650,"410","Europe","Cfb","Temperate oceanic forest","NAC","1866","Initiation of post-disturbance cohort (planted or natural)","1866","NAC","NAC",0,0,0,TRUE,7.7,6,61.78,22.9,655,21,65.79108187,120.0007895,581.0078947,174.1252632,0.088666667,361089.4,9367,734,0.263625,"temperate","ANPP_2",NA,"1966","1968",3.6895,2.02547770700637
"55","Podocarpus 1 unmanaged","Moser_2011_eeot",999,11080,"Podocarpus 1","unmanaged","woody","2TEB","ANPP_1",NA,"2003","2004",3.91,"NAC","Anderson-Teixeira_2016_cdom; Anderson-Teixeira_2018_fagd","Dr. Kristina J. Anderson-Teixeira, Smithsonian Institution, teixeirak@si.edu","Ecuador",-4.12,-78.97,1050,19.39999962,2230,"114","South America","Cfb","Tropical mountain system","NAC","NAC","NAC","NAC","No disturbance","NI",0,0,0,TRUE,21.8,11.5,6.01,14.1,1772,16,73.50643275,0.474210526,1667.457018,183.0603509,0.198333331,488680.8,10422,1380,0.720125,"tropical","ANPP_2",NA,"2003","2004",4.46,0.876681614349776
"56","Podocarpus 2 unmanaged","Moser_2011_eeot",999,11097,"Podocarpus 2","unmanaged","woody","2TEB","ANPP_1",NA,"2003","2004",3.34,"NAC","Anderson-Teixeira_2016_cdom; Anderson-Teixeira_2018_fagd","Dr. Kristina J. Anderson-Teixeira, Smithsonian Institution, teixeirak@si.edu","Ecuador",-4.11,-78.97,1540,17.5,2300,"114","South America","Cfb","Tropical mountain system","NAC","NAC","NAC","NAC","No disturbance","NI",0,0,0,TRUE,21.5,11.9,4.99,14.2,1603,20,73.50643275,0.474210526,1667.457018,183.0603509,0.191666666,487753.1,9279,1365,0.720125,"tropical","ANPP_2",NA,"2003","2004",3.79,0.881266490765171
"57","Reserva Biologica San Francisco 1 unmanaged","Moser_2011_eeot",999,12349,"Reserva Biologica San Francisco 1","unmanaged","woody","2TEB","ANPP_1",NA,"2003","2004",2.93,"NAC","Anderson-Teixeira_2016_cdom; Anderson-Teixeira_2018_fagd","Dr. Kristina J. Anderson-Teixeira, Smithsonian Institution, teixeirak@si.edu","Ecuador",-3.98,-79.1,1890,15.69999981,1950,"114","South America","Cfb","Tropical mountain system","NAC","NAC","NAC","NAC","No disturbance","NI",0,0,0,TRUE,16.5,10,3.93,12.1,1210,17,74.84912281,72.20535088,1457.066667,179.4321053,0.1515,476372,7814,1132,0.388,"tropical","ANPP_2",NA,"2003","2004",3.36,0.87202380952381
"58","Reserva Biologica San Francisco 2 unmanaged","Moser_2011_eeot",999,12366,"Reserva Biologica San Francisco 2","unmanaged","woody","2TEB","ANPP_1",NA,"2003","2004",1.45,"NAC","Anderson-Teixeira_2016_cdom; Anderson-Teixeira_2018_fagd","Dr. Kristina J. Anderson-Teixeira, Smithsonian Institution, teixeirak@si.edu","Ecuador",-3.99,-79.1,2380,13.19999981,5000,"114","South America","Cfb","Tropical mountain system","NAC","NAC","NAC","NAC","No disturbance","NI",0,0,0,TRUE,15.9,9.9,3.65,11.8,1164,19,74.84912281,72.20535088,1457.066667,179.4321053,0.147916666,471621.4,8658,1112,0.388,"tropical","ANPP_2",NA,"2003","2004",1.64,0.884146341463415
"59","Rouquet Rouquet","DeAngelis_1981_pofe",150,20295,"Rouquet","Rouquet","woody","2TDB","ANPP_1","1968","1966","1970",2.679,"NAC","","Dr. Kristina J. Anderson-Teixeira, Smithsonian Institution, teixeirak@si.edu","France",43.7,3.8,180,12.4,987,"NAC","Europe","Csa","Subtropical dry forest","NAC","1820","Initiation of post-disturbance cohort (planted or natural)","1820","NAC","NAC",0,0,0,TRUE,13.5,10.1,58.34,27.1,741,29,51.33274854,57.71736842,1053.382456,116.4870175,0.116916664,521349.2,4605,1457,0.700236111,"subtropical","ANPP_2","1968","1966","1970",3.055,0.876923076923077
"60","San Carlos de Rio Negro Species-rich Tierra Firme (Oxisols) unmanaged Mature terra firma","Jordan_1999_ntfs",999,12940,"San Carlos de Rio Negro Species-rich Tierra Firme (Oxisols)","unmanaged Mature terra firma","woody","2TEB","ANPP_1",NA,"1975","1981",5.18,"NAC","Anderson-Teixeira_2016_cdom; Anderson-Teixeira_2018_fagd","Dr. Kristina J. Anderson-Teixeira, Smithsonian Institution, teixeirak@si.edu","Venezuela",1.93,-67.05,119,25.98,3500,"657","South America","Af","Tropical rainforest","NAC","NAC","Initiation of post-disturbance cohort (natural)","1750","Burned","1750",0,0,0,TRUE,26.2,13.3,4.13,14.4,3432,23,70.61973684,0,1134.385965,232.5850877,0.295666669,562183.6,25182,1367,0.723319444,"tropical","ANPP_2",NA,"1975","1981",6.81,0.76064610866373
"61","San Carlos de Rio Negro Tall Caatinga mature tall caatinga natural forest","Medina_1989_pona",999,18662,"San Carlos de Rio Negro Tall Caatinga","mature tall caatinga natural forest","woody","2TEB","ANPP_1","NI","NI","NI",4.512,"NAC","","Dr. Kristina J. Anderson-Teixeira, Smithsonian Institution, teixeirak@si.edu","Venezuela",1.93,-67.05,117,26.2,3600,"657","South America","Af","Tropical rainforest","0.13","NI","NI","NI","NI","NI",0,0,1,TRUE,26.2,13.3,4.13,14.4,3432,23,70.61973684,0,1134.385965,232.5850877,0.295666669,562183.6,25182,1367,0.723319444,"tropical","ANPP_2","NI","NI","NI",5.405,0.834782608695652
"62","San Juan San Juan","DeAngelis_1981_pofe",90,20303,"San Juan","San Juan","woody","2TREE","ANPP_1","1972","1972","1972",7.6234,"NAC","","Dr. Kristina J. Anderson-Teixeira, Smithsonian Institution, teixeirak@si.edu","Spain",42.5,-0.65,1230,8,802,"NAC","Europe","Cfb","Subtropical mountain system","NAC","1882","Initiation of post-disturbance cohort (planted or natural)","1882","NAC","NAC",0,0,0,TRUE,8.7,9.8,54.47,25.3,811,16,49.91542398,87.44719298,1071.397368,128.2189474,0.082833333,537018,5637,1287,0.60275,"subtropical","ANPP_2","1972","1972","1972",8.272,0.921590909090909
"63","San Pedro unmanaged upland tropical forest","Girardin_2010_nppa",999,13017,"San Pedro","unmanaged upland tropical forest","woody","2TEB","ANPP_1",NA,"2007","2008",4.38,"NAC","Anderson-Teixeira_2016_cdom; Anderson-Teixeira_2018_fagd","Dr. Kristina J. Anderson-Teixeira, Smithsonian Institution, teixeirak@si.edu","Peru",-13.05,-71.54,1500,18.8,2631,"673","South America","Cfb","Tropical mountain system","NAC","NAC","NAC","NAC","No disturbance","NI",0,0,0,TRUE,21.1,13,7.45,16.3,2518,47,59.68450292,87.11798246,1106.259649,110.9999123,0.182916668,508401.9,17827,1288,0.745041667,"tropical","ANPP_2",NA,"2007","2008",4.98,0.879518072289157
"64","San Pedro unmanaged upland tropical forest","Girardin_2010_nppa",999,17918,"San Pedro","unmanaged upland tropical forest","woody","2TEB","ANPP_1","2005","2003","2007",4.136,"NAC","","Dr. Kristina J. Anderson-Teixeira, Smithsonian Institution, teixeirak@si.edu","Peru",-13.05,-71.54,1500,18.8,2631,"673","South America","Cfb","Tropical mountain system","NAC","NAC","NAC","NAC","No disturbance","NI",0,0,0,TRUE,21.1,13,7.45,16.3,2518,47,59.68450292,87.11798246,1106.259649,110.9999123,0.182916668,508401.9,17827,1288,0.745041667,"tropical","ANPP_2",NA,"2007","2008",4.98,0.830522088353414
"65","Sikfokut Sikfokut","DeAngelis_1981_pofe",65,20296,"Sikfokut","Sikfokut","woody","2TDB","ANPP_1","1972","1972","1973",3.1443,"NAC","","Dr. Kristina J. Anderson-Teixeira, Smithsonian Institution, teixeirak@si.edu","Hungary",47.9,20.47,265,9.9,582,"NAC","Europe","Cfb","Temperate continental forest","NAC","1905","Initiation of post-disturbance cohort (planted or natural)","1905","NAC","NAC",0,0,0,TRUE,9.6,10.1,79.12,32.3,557,33,62.53399123,116.657807,764.7298246,145.5472807,0.093083333,434024.2,5442,973,0.516208333,"temperate","ANPP_2","1972","1972","1973",3.337,0.94225352112676
"66","Susser Schlag PO","Mund_2002_gacs",72,14081,"Susser Schlag","PO","woody","2TEN","ANPP_1",NA,"1995","1997",4.57,"NAC","Anderson-Teixeira_2018_fagd","Dr. Kristina J. Anderson-Teixeira, Smithsonian Institution, teixeirak@si.edu","Germany",50.15,11.87,740,4.5,1000,"67","Europe","Cfb","Temperate oceanic forest","NAC","1924","Initiation of post-disturbance cohort (planted or natural)","1924","NAC","NAC",0,0,0,TRUE,5.6,7.6,64.92,25.3,854,16,74.16052632,138.5107018,604.9491228,183.2137719,0.079166666,376185,15466,709,0.270486111,"temperate","ANPP_2",NA,"1995","1997",5.76,0.793402777777778
"67","Tambopata-Candamo Reserve permanent plot TAM-05 terra firma unmanaged primary forest","Girardin_2010_nppa",999,14254,"Tambopata-Candamo Reserve permanent plot TAM-05","terra firma unmanaged primary forest","woody","2TEB","ANPP_1",NA,"2007","2008",8.4,"NAC","Anderson-Teixeira_2016_cdom; Anderson-Teixeira_2018_fagd","Dr. Kristina J. Anderson-Teixeira, Smithsonian Institution, teixeirak@si.edu","Peru",-12.830288,-69.270533,223,24.4,1900,"740","South America","Af","Tropical rainforest","1","NAC","NAC","NAC","No disturbance","1904",0,0,0,TRUE,25.3,11,10.77,14.8,2477,52,63.99473684,0,1366.842105,111.7313158,0.254833333,533331.6,17772,1379,0.846472222,"tropical","ANPP_2",NA,"2007","2008",9.5,0.88421052631579
"68","Tambopata-Candamo Reserve permanent plot TAM-06 terra firma, floodplain unmanaged primary forest","Girardin_2010_nppa",999,14280,"Tambopata-Candamo Reserve permanent plot TAM-06","terra firma, floodplain unmanaged primary forest","woody","2TEB","ANPP_1",NA,"2007","2008",7.2,"NAC","Anderson-Teixeira_2016_cdom; Anderson-Teixeira_2018_fagd","Dr. Kristina J. Anderson-Teixeira, Smithsonian Institution, teixeirak@si.edu","Peru",-12.8385,-69.296,215,24.4,1900,"740","South America","Af","Tropical rainforest","0.96","NAC","NAC","NAC","No disturbance","1904",0,0,0,TRUE,25.4,10.9,10.49,14.7,2501,52,63.99473684,0,1366.842105,111.7313158,0.255666669,532827.3,18091,1380,0.842125,"tropical","ANPP_2",NA,"2007","2008",8.2,0.878048780487805
"69","Tono unmanaged","Girardin_2010_nppa",999,17912,"Tono","unmanaged","woody","2TEB","ANPP_1","2005","2003","2007",3.619,"NAC","","Dr. Kristina J. Anderson-Teixeira, Smithsonian Institution, teixeirak@si.edu","Peru",-12.96,-71.56,1000,20.7,NA,"673","South America","Cfb","Tropical mountain system","NAC","NAC","NAC","NAC","No disturbance","NI",0,0,0,TRUE,22.8,12,6.85,14.9,2749,44,61.7873538,10.07596491,1058.623684,118.6139474,0.204250001,537271.5,19428,1375,0.817458333,"tropical","ANPP_2",NA,"2007","2008",4.33,0.835796766743649
"70","Tono unmanaged","Girardin_2010_nppa",999,15188,"Tono","unmanaged","woody","2TEB","ANPP_1",NA,"2007","2008",3.83,"NAC","Anderson-Teixeira_2016_cdom; Anderson-Teixeira_2018_fagd","Dr. Kristina J. Anderson-Teixeira, Smithsonian Institution, teixeirak@si.edu","Peru",-12.96,-71.56,1000,20.7,NA,"673","South America","Cfb","Tropical mountain system","NAC","NAC","NAC","NAC","No disturbance","NI",0,0,0,TRUE,22.8,12,6.85,14.9,2749,44,61.7873538,10.07596491,1058.623684,118.6139474,0.204250001,537271.5,19428,1375,0.817458333,"tropical","ANPP_2",NA,"2007","2008",4.33,0.884526558891455
"71","Trocha Union 3 unmanaged upland tropical forest","Girardin_2010_nppa",999,15222,"Trocha Union 3","unmanaged upland tropical forest","woody","2TEB","ANPP_1",NA,"2007","2008",2.19,"NAC","Anderson-Teixeira_2016_cdom; Anderson-Teixeira_2018_fagd","Dr. Kristina J. Anderson-Teixeira, Smithsonian Institution, teixeirak@si.edu","Peru",-13.11,-71.6,3020,11.8,1776,"673","South America","Cfb","Tropical mountain system","NAC","NAC","NAC","NAC","No disturbance","NI",0,0,0,TRUE,14.2,15.1,10.86,19.9,359,59,59.68450292,87.11798246,1106.259649,110.9999123,0.10975,506208.8,3045,1195,0.584763889,"tropical","ANPP_2",NA,"2007","2008",2.59,0.845559845559846
"72","Trocha Union 3 unmanaged upland tropical forest","Girardin_2010_nppa",999,17913,"Trocha Union 3","unmanaged upland tropical forest","woody","2TEB","ANPP_1","2005","2003","2007",2.068,"NAC","","Dr. Kristina J. Anderson-Teixeira, Smithsonian Institution, teixeirak@si.edu","Peru",-13.11,-71.6,3020,11.8,1776,"673","South America","Cfb","Tropical mountain system","NAC","NAC","NAC","NAC","No disturbance","NI",0,0,0,TRUE,14.2,15.1,10.86,19.9,359,59,59.68450292,87.11798246,1106.259649,110.9999123,0.10975,506208.8,3045,1195,0.584763889,"tropical","ANPP_2",NA,"2007","2008",2.59,0.798455598455599
"73","Trocha Union 4 unmanaged upland tropical forest","Girardin_2010_nppa",999,17914,"Trocha Union 4","unmanaged upland tropical forest","woody","2TEB","ANPP_1","2005","2003","2007",3.196,"NAC","","Dr. Kristina J. Anderson-Teixeira, Smithsonian Institution, teixeirak@si.edu","Peru",-13.11,-71.6,2720,13.5,2318,"673","South America","Cfb","Tropical mountain system","NAC","NAC","NAC","NAC","No disturbance","NI",0,0,0,TRUE,14.2,15.1,10.86,19.9,359,59,59.68450292,87.11798246,1106.259649,110.9999123,0.10975,506208.8,3045,1195,0.584763889,"tropical","ANPP_2",NA,"2007","2008",4,0.799
"74","Trocha Union 4 unmanaged upland tropical forest","Girardin_2010_nppa",999,15235,"Trocha Union 4","unmanaged upland tropical forest","woody","2TEB","ANPP_1",NA,"2007","2008",3.4,"NAC","Anderson-Teixeira_2016_cdom; Anderson-Teixeira_2018_fagd","Dr. Kristina J. Anderson-Teixeira, Smithsonian Institution, teixeirak@si.edu","Peru",-13.11,-71.6,2720,13.5,2318,"673","South America","Cfb","Tropical mountain system","NAC","NAC","NAC","NAC","No disturbance","NI",0,0,0,TRUE,14.2,15.1,10.86,19.9,359,59,59.68450292,87.11798246,1106.259649,110.9999123,0.10975,506208.8,3045,1195,0.584763889,"tropical","ANPP_2",NA,"2007","2008",4,0.85
"75","Trocha Union 7 unmanaged upland tropical forest","Girardin_2010_nppa",999,17915,"Trocha Union 7","unmanaged upland tropical forest","woody","2TEB","ANPP_1","2005","2003","2007",2.115,"NAC","","Dr. Kristina J. Anderson-Teixeira, Smithsonian Institution, teixeirak@si.edu","Peru",-13.07,-71.56,2020,17.4,1827,"673","South America","Cfb","Tropical mountain system","NAC","NAC","NAC","NAC","No disturbance","NI",0,0,0,TRUE,19.5,13.9,7.86,17.4,1990,51,59.68450292,87.11798246,1106.259649,110.9999123,0.16475,502750.7,14285,1260,0.731222222,"tropical","ANPP_2",NA,"2007","2008",2.53,0.83596837944664
"76","Trocha Union 7 unmanaged upland tropical forest","Girardin_2010_nppa",999,15248,"Trocha Union 7","unmanaged upland tropical forest","woody","2TEB","ANPP_1",NA,"2007","2008",2.23,"NAC","Anderson-Teixeira_2016_cdom; Anderson-Teixeira_2018_fagd","Dr. Kristina J. Anderson-Teixeira, Smithsonian Institution, teixeirak@si.edu","Peru",-13.07,-71.56,2020,17.4,1827,"673","South America","Cfb","Tropical mountain system","NAC","NAC","NAC","NAC","No disturbance","NI",0,0,0,TRUE,19.5,13.9,7.86,17.4,1990,51,59.68450292,87.11798246,1106.259649,110.9999123,0.16475,502750.7,14285,1260,0.731222222,"tropical","ANPP_2",NA,"2007","2008",2.53,0.881422924901186
"77","Trocha Union 8 unmanaged upland tropical forest","Girardin_2010_nppa",999,17916,"Trocha Union 8","unmanaged upland tropical forest","woody","2TEB","ANPP_1","2005","2003","2007",2.115,"NAC","","Dr. Kristina J. Anderson-Teixeira, Smithsonian Institution, teixeirak@si.edu","Peru",-13.07,-71.56,1855,18,2472,"673","South America","Cfb","Tropical mountain system","NAC","NAC","NAC","NAC","No disturbance","NI",0,0,0,TRUE,19.5,13.9,7.86,17.4,1990,51,59.68450292,87.11798246,1106.259649,110.9999123,0.16475,502750.7,14285,1260,0.731222222,"tropical","ANPP_2",NA,"2007","2008",2.53,0.83596837944664
"78","Trocha Union 8 unmanaged upland tropical forest","Girardin_2010_nppa",999,15261,"Trocha Union 8","unmanaged upland tropical forest","woody","2TEB","ANPP_1",NA,"2007","2008",2.23,"NAC","Anderson-Teixeira_2016_cdom; Anderson-Teixeira_2018_fagd","Dr. Kristina J. Anderson-Teixeira, Smithsonian Institution, teixeirak@si.edu","Peru",-13.07,-71.56,1855,18,2472,"673","South America","Cfb","Tropical mountain system","NAC","NAC","NAC","NAC","No disturbance","NI",0,0,0,TRUE,19.5,13.9,7.86,17.4,1990,51,59.68450292,87.11798246,1106.259649,110.9999123,0.16475,502750.7,14285,1260,0.731222222,"tropical","ANPP_2",NA,"2007","2008",2.53,0.881422924901186
"79","Tura natural regeneration after fire.Larix gmelinii forest","Luyssaert_2007_cbob",105,15306,"Tura","natural regeneration after fire.Larix gmelinii forest","woody","2TDN","ANPP_1",NA,"2000","2004",0.42,"NAC","Anderson-Teixeira_2018_fagd","Dr. Kristina J. Anderson-Teixeira, Smithsonian Institution, teixeirak@si.edu","Russia",64.2,100.45,250,-8.9,360,"760","Asia","Dfc","Boreal mountain system","NAC","1899","Initiation of post-disturbance cohort (natural)","1899","Burned","1899",0,0,0,TRUE,-9.1,12.9,185.17,65.2,382,52,75.68245614,266.7108772,408.5192982,167.155,0.03775,335744.1,6454,569,0.278402778,"boreal","ANPP_2",NA,"2000","2004",0.48,0.875
"80","Walker Branch unmanaged, agricultural abandonment in 1940","Hanson_2003_etnp",53,16012,"Walker Branch","unmanaged, agricultural abandonment in 1940","woody","2TDB","ANPP_1","1993",NA,NA,4.01,"NAC","Anderson-Teixeira_2018_fagd","Dr. Kristina J. Anderson-Teixeira, Smithsonian Institution, teixeirak@si.edu","United States of America",35.958333,-84.2875,265,14.31,1475.43,"578","North America","Cfa","Temperate mountain system","NAC","1940","Initiation of post-disturbance cohort (natural)","1940","NAC","NAC",0,0,0,TRUE,13.7,12.9,79.06,34.3,1369,16,61.98442982,84.34324561,1031.878947,120.117193,0.126083333,542409.2,9609,1284,0.679319444,"temperate","ANPP_2","1993",NA,NA,4.41,0.909297052154195
"81","Walker Branch unmanaged, agricultural abandonment in 1940","Hanson_2003_etnp",54,16013,"Walker Branch","unmanaged, agricultural abandonment in 1940","woody","2TDB","ANPP_1","1994",NA,NA,5.02,"NAC","Anderson-Teixeira_2018_fagd","Dr. Kristina J. Anderson-Teixeira, Smithsonian Institution, teixeirak@si.edu","United States of America",35.958333,-84.2875,265,14.31,1475.43,"578","North America","Cfa","Temperate mountain system","NAC","1940","Initiation of post-disturbance cohort (natural)","1940","NAC","NAC",0,0,0,TRUE,13.7,12.9,79.06,34.3,1369,16,61.98442982,84.34324561,1031.878947,120.117193,0.126083333,542409.2,9609,1284,0.679319444,"temperate","ANPP_2","1994",NA,NA,5.58,0.899641577060932
"82","Walker Branch unmanaged, agricultural abandonment in 1940","Hanson_2003_etnp",55,16014,"Walker Branch","unmanaged, agricultural abandonment in 1940","woody","2TDB","ANPP_1","1995",NA,NA,4.29,"NAC","Anderson-Teixeira_2018_fagd","Dr. Kristina J. Anderson-Teixeira, Smithsonian Institution, teixeirak@si.edu","United States of America",35.958333,-84.2875,265,14.31,1475.43,"578","North America","Cfa","Temperate mountain system","NAC","1940","Initiation of post-disturbance cohort (natural)","1940","NAC","NAC",0,0,0,TRUE,13.7,12.9,79.06,34.3,1369,16,61.98442982,84.34324561,1031.878947,120.117193,0.126083333,542409.2,9609,1284,0.679319444,"temperate","ANPP_2","1995",NA,NA,5.42,0.791512915129151
"83","Walker Branch unmanaged, agricultural abandonment in 1940","Hanson_2003_etnp",56,16015,"Walker Branch","unmanaged, agricultural abandonment in 1940","woody","2TDB","ANPP_1","1996",NA,NA,5.38,"NAC","Anderson-Teixeira_2018_fagd","Dr. Kristina J. Anderson-Teixeira, Smithsonian Institution, teixeirak@si.edu","United States of America",35.958333,-84.2875,265,14.31,1475.43,"578","North America","Cfa","Temperate mountain system","NAC","1940","Initiation of post-disturbance cohort (natural)","1940","NAC","NAC",0,0,0,TRUE,13.7,12.9,79.06,34.3,1369,16,61.98442982,84.34324561,1031.878947,120.117193,0.126083333,542409.2,9609,1284,0.679319444,"temperate","ANPP_2","1996",NA,NA,5.82,0.924398625429553
"84","Walker Branch unmanaged, agricultural abandonment in 1940","Hanson_2003_etnp",57,16016,"Walker Branch","unmanaged, agricultural abandonment in 1940","woody","2TDB","ANPP_1","1997",NA,NA,4.58,"NAC","Anderson-Teixeira_2018_fagd","Dr. Kristina J. Anderson-Teixeira, Smithsonian Institution, teixeirak@si.edu","United States of America",35.958333,-84.2875,265,14.31,1475.43,"578","North America","Cfa","Temperate mountain system","NAC","1940","Initiation of post-disturbance cohort (natural)","1940","NAC","NAC",0,0,0,TRUE,13.7,12.9,79.06,34.3,1369,16,61.98442982,84.34324561,1031.878947,120.117193,0.126083333,542409.2,9609,1284,0.679319444,"temperate","ANPP_2","1997",NA,NA,5.14,0.891050583657588
"85","Walker Branch unmanaged, agricultural abandonment in 1940","Hanson_2003_etnp",58,16017,"Walker Branch","unmanaged, agricultural abandonment in 1940","woody","2TDB","ANPP_1","1998",NA,NA,4.4,"NAC","Anderson-Teixeira_2018_fagd","Dr. Kristina J. Anderson-Teixeira, Smithsonian Institution, teixeirak@si.edu","United States of America",35.958333,-84.2875,265,14.31,1475.43,"578","North America","Cfa","Temperate mountain system","NAC","1940","Initiation of post-disturbance cohort (natural)","1940","NAC","NAC",0,0,0,TRUE,13.7,12.9,79.06,34.3,1369,16,61.98442982,84.34324561,1031.878947,120.117193,0.126083333,542409.2,9609,1284,0.679319444,"temperate","ANPP_2","1998",NA,NA,4.8,0.916666666666667
"86","Walker Branch unmanaged, agricultural abandonment in 1940","Hanson_2003_etnp",59,16018,"Walker Branch","unmanaged, agricultural abandonment in 1940","woody","2TDB","ANPP_1","1999",NA,NA,4.73,"NAC","Anderson-Teixeira_2018_fagd","Dr. Kristina J. Anderson-Teixeira, Smithsonian Institution, teixeirak@si.edu","United States of America",35.958333,-84.2875,265,14.31,1475.43,"578","North America","Cfa","Temperate mountain system","NAC","1940","Initiation of post-disturbance cohort (natural)","1940","NAC","NAC",0,0,0,TRUE,13.7,12.9,79.06,34.3,1369,16,61.98442982,84.34324561,1031.878947,120.117193,0.126083333,542409.2,9609,1284,0.679319444,"temperate","ANPP_2","1999",NA,NA,5.68,0.83274647887324
"87","Walker Branch unmanaged, agricultural abandonment in 1940","Hanson_2003_etnp",60,16019,"Walker Branch","unmanaged, agricultural abandonment in 1940","woody","2TDB","ANPP_1","2000",NA,NA,4.67,"NAC","Anderson-Teixeira_2018_fagd","Dr. Kristina J. Anderson-Teixeira, Smithsonian Institution, teixeirak@si.edu","United States of America",35.958333,-84.2875,265,14.31,1475.43,"578","North America","Cfa","Temperate mountain system","NAC","1940","Initiation of post-disturbance cohort (natural)","1940","NAC","NAC",0,0,0,TRUE,13.7,12.9,79.06,34.3,1369,16,61.98442982,84.34324561,1031.878947,120.117193,0.126083333,542409.2,9609,1284,0.679319444,"temperate","ANPP_2","2000",NA,NA,4.99,0.935871743486974
"88","Wayqecha unmanaged upland tropical forest","Girardin_2010_nppa",999,16277,"Wayqecha","unmanaged upland tropical forest","woody","2TEB","ANPP_1",NA,"2007","2008",3.12,"NAC","Anderson-Teixeira_2016_cdom; Anderson-Teixeira_2018_fagd","Dr. Kristina J. Anderson-Teixeira, Smithsonian Institution, teixeirak@si.edu","Peru",-13.19,-71.59,3025,12.5,1706,"673","South America","Cfb","Tropical mountain system","NAC","NAC","NAC","NAC","No disturbance","NI",0,0,0,TRUE,13.4,15.2,11.44,20.2,335,67,59.68450292,87.11798246,1106.259649,110.9999123,0.105416666,513259.5,2848,1211,0.581,"tropical","ANPP_2",NA,"2007","2008",3.62,0.861878453038674
"89","Wayqecha unmanaged upland tropical forest","Girardin_2010_nppa",999,17917,"Wayqecha","unmanaged upland tropical forest","woody","2TEB","ANPP_1","2005","2003","2007",2.914,"NAC","","Dr. Kristina J. Anderson-Teixeira, Smithsonian Institution, teixeirak@si.edu","Peru",-13.19,-71.59,3025,12.5,1706,"673","South America","Cfb","Tropical mountain system","NAC","NAC","NAC","NAC","No disturbance","NI",0,0,0,TRUE,13.4,15.2,11.44,20.2,335,67,59.68450292,87.11798246,1106.259649,110.9999123,0.105416666,513259.5,2848,1211,0.581,"tropical","ANPP_2",NA,"2007","2008",3.62,0.804972375690608
"90","Wind River Canopy Crane old-growth douglas fir and western hemlock","Harmon_2004_prao",499,16593,"Wind River Canopy Crane","old-growth douglas fir and western hemlock","woody","2TEN","ANPP_1","1999",NA,NA,2.72,"NAC","Anderson-Teixeira_2018_fagd","Dr. Kristina J. Anderson-Teixeira, Smithsonian Institution, teixeirak@si.edu","United States of America",45.82,-121.95,355,8.9,3725.5,"439","North America","Csb","Temperate mountain system","NAC","1500","NAC","NAC","No disturbance","1500",0,0,0,TRUE,9.5,10.6,57.42,27,2558,72,69.92222222,150.8545614,782.7289474,126.1209649,0.084999999,468461.8,18277,1090,0.505736111,"temperate","ANPP_2","1999",NA,NA,3.83,0.710182767624021
"91","Yapo (Plateau) Mature","DeAngelis_1981_pofe",999,17855,"Yapo (Plateau)","Mature","woody","2TEB","ANPP_1","NI","NI","NI",6.956,"NAC","","Dr. Kristina J. Anderson-Teixeira, Smithsonian Institution, teixeirak@si.edu","Cote D'Ivoire",5.7,-4.1,70,NA,1739,"60","Africa","Aw","Tropical rainforest","5","NAC","NAC","NAC","NAC","NAC",0,0,1,TRUE,26.3,8.1,11.14,11.6,1607,58,75.33274854,0,1160.092105,136.6067544,0.282250001,631391.6,10093,1535,0.713208333,"tropical","ANPP_2","1970","1966","1974",6.956,1
"92","Yapo (Plateau) Mature","DeAngelis_1981_pofe",999,20299,"Yapo (Plateau)","Mature","woody","2TEB","ANPP_1","1970","1966","1974",6.2792,"NAC","","Dr. Kristina J. Anderson-Teixeira, Smithsonian Institution, teixeirak@si.edu","Cote D'Ivoire",5.7,-4.1,70,NA,1739,"60","Africa","Aw","Tropical rainforest","5","NAC","NAC","NAC","NAC","NAC",0,0,1,TRUE,26.3,8.1,11.14,11.6,1607,58,75.33274854,0,1160.092105,136.6067544,0.282250001,631391.6,10093,1535,0.713208333,"tropical","ANPP_2","1970","1966","1974",6.956,0.902702702702703
"93","Yenisei 138lm moderately burned Pinus sylvestris stand, lichen understory","Wirth_2002_babc",138,17090,"Yenisei 138lm","moderately burned Pinus sylvestris stand, lichen understory","woody","2TEN","ANPP_1",NA,"1998","2000",1.41,"NAC","Anderson-Teixeira_2018_fagd","Dr. Kristina J. Anderson-Teixeira, Smithsonian Institution, teixeirak@si.edu","Russia",60.72,89.13,90,-3.7,565,"426","Asia","Dfc","Boreal coniferous forest","NAC","1862","Initiation of post-disturbance cohort (planted or natural)","1862","Burned","1862",0,1,0,TRUE,-2.8,10.8,144.69,52.8,564,33,73.24780702,234.3824561,467.6333333,201.7973684,0.0525,368355.7,8658,667,0.293055556,"boreal","ANPP_2",NA,"1998","2000",1.63,0.865030674846626
"94","Yenisei 200lm moderately burned Pinus sylvestris stand, lichen understory","Wirth_2002_babc",200,17118,"Yenisei 200lm","moderately burned Pinus sylvestris stand, lichen understory","woody","2TEN","ANPP_1",NA,"1998","2000",0.71,"NAC","Anderson-Teixeira_2018_fagd","Dr. Kristina J. Anderson-Teixeira, Smithsonian Institution, teixeirak@si.edu","Russia",60.72,89.13,90,-3.7,565,"426","Asia","Dfc","Boreal coniferous forest","NAC","1800","Initiation of post-disturbance cohort (planted or natural)","1800","Burned","1800",0,1,0,TRUE,-2.8,10.8,144.69,52.8,564,33,73.24780702,234.3824561,467.6333333,201.7973684,0.0525,368355.7,8658,667,0.293055556,"boreal","ANPP_2",NA,"1998","2000",0.77,0.922077922077922
"95","Yenisei 204lm moderately burned Pinus sylvestris stand, lichen understory","Wirth_2002_babc",204,17128,"Yenisei 204lm","moderately burned Pinus sylvestris stand, lichen understory","woody","2TEN","ANPP_1",NA,"1998","2000",0.84,"NAC","Anderson-Teixeira_2018_fagd","Dr. Kristina J. Anderson-Teixeira, Smithsonian Institution, teixeirak@si.edu","Russia",60.72,89.13,90,-3.7,565,"426","Asia","Dfc","Boreal coniferous forest","NAC","1796","Initiation of post-disturbance cohort (planted or natural)","1796","Burned","1796",0,1,0,TRUE,-2.8,10.8,144.69,52.8,564,33,73.24780702,234.3824561,467.6333333,201.7973684,0.0525,368355.7,8658,667,0.293055556,"boreal","ANPP_2",NA,"1998","2000",0.95,0.884210526315789
"96","Yenisei 215lh heavily burned Pinus sylvestris stand, lichen understory","Wirth_2002_babc",215,17138,"Yenisei 215lh","heavily burned Pinus sylvestris stand, lichen understory","woody","2TEN","ANPP_1",NA,"1998","2000",0.7,"NAC","Anderson-Teixeira_2018_fagd","Dr. Kristina J. Anderson-Teixeira, Smithsonian Institution, teixeirak@si.edu","Russia",60.72,89.13,90,-3.7,565,"426","Asia","Dfc","Boreal coniferous forest","NAC","1785","Initiation of post-disturbance cohort (planted or natural)","1785","Burned","1785",0,1,0,TRUE,-2.8,10.8,144.69,52.8,564,33,73.24780702,234.3824561,467.6333333,201.7973684,0.0525,368355.7,8658,667,0.293055556,"boreal","ANPP_2",NA,"1998","2000",0.8,0.875
"97","Yenisei 383lm moderately burned Pinus sylvestris stand, lichen understory","Wirth_2002_babc",383,17176,"Yenisei 383lm","moderately burned Pinus sylvestris stand, lichen understory","woody","2TEN","ANPP_1",NA,"1998","2000",1.08,"NAC","Anderson-Teixeira_2018_fagd","Dr. Kristina J. Anderson-Teixeira, Smithsonian Institution, teixeirak@si.edu","Russia",60.72,89.13,90,-3.7,565,"426","Asia","Dfc","Boreal coniferous forest","NAC","1617","Initiation of post-disturbance cohort (planted or natural)","1617","Burned","1617",0,1,0,TRUE,-2.8,10.8,144.69,52.8,564,33,73.24780702,234.3824561,467.6333333,201.7973684,0.0525,368355.7,8658,667,0.293055556,"boreal","ANPP_2",NA,"1998","2000",1.17,0.923076923076923
"98","Yenisei 53vm moderately burned Pinus sylvestris stand, mosses+Vaccinum understory","Wirth_2002_babc",53,17196,"Yenisei 53vm","moderately burned Pinus sylvestris stand, mosses+Vaccinum understory","woody","2TEN","ANPP_1",NA,"1998","2000",2.68,"NAC","Anderson-Teixeira_2018_fagd","Dr. Kristina J. Anderson-Teixeira, Smithsonian Institution, teixeirak@si.edu","Russia",60.72,89.13,90,-3.7,565,"426","Asia","Dfc","Boreal coniferous forest","NAC","1947","Initiation of post-disturbance cohort (planted or natural)","1947","Burned","1947",0,1,0,TRUE,-2.8,10.8,144.69,52.8,564,33,73.24780702,234.3824561,467.6333333,201.7973684,0.0525,368355.7,8658,667,0.293055556,"boreal","ANPP_2",NA,"1998","2000",3.58,0.748603351955307
"99","Yenisei 67lm moderately burned Pinus sylvestris stand, lichen understory","Wirth_2002_babc",67,17206,"Yenisei 67lm","moderately burned Pinus sylvestris stand, lichen understory","woody","2TEN","ANPP_1",NA,"1998","2000",1.77,"NAC","Anderson-Teixeira_2018_fagd","Dr. Kristina J. Anderson-Teixeira, Smithsonian Institution, teixeirak@si.edu","Russia",60.72,89.13,90,-3.7,565,"426","Asia","Dfc","Boreal coniferous forest","NAC","1933","Initiation of post-disturbance cohort (planted or natural)","1933","Burned","1933",0,1,0,TRUE,-2.8,10.8,144.69,52.8,564,33,73.24780702,234.3824561,467.6333333,201.7973684,0.0525,368355.7,8658,667,0.293055556,"boreal","ANPP_2",NA,"1998","2000",2.07,0.855072463768116
"100","Yenisei 95vm moderately burned Pinus sylvestris stand, mosses+Vaccinum understory","Wirth_2002_babc",95,17226,"Yenisei 95vm","moderately burned Pinus sylvestris stand, mosses+Vaccinum understory","woody","2TEN","ANPP_1",NA,"1998","2000",1.63,"NAC","Anderson-Teixeira_2018_fagd","Dr. Kristina J. Anderson-Teixeira, Smithsonian Institution, teixeirak@si.edu","Russia",60.72,89.13,90,-3.7,565,"426","Asia","Dfc","Boreal coniferous forest","NAC","1905","Initiation of post-disturbance cohort (planted or natural)","1905","Burned","1905",0,1,0,TRUE,-2.8,10.8,144.69,52.8,564,33,73.24780702,234.3824561,467.6333333,201.7973684,0.0525,368355.7,8658,667,0.293055556,"boreal","ANPP_2",NA,"1998","2000",1.85,0.881081081081081
