"response","fixed","random","Age.filter","equation","significant","significance","sample.size"
"GPP","mat","geographic.area/plot.name","age.greater.than.100","GPP = 8.48 + mat x 0.86",TRUE,1.04928767223225e-12,221
"NPP","mat","geographic.area/plot.name","age.greater.than.100","NPP = 3.74 + mat x 0.24",TRUE,1.55916945594585e-09,101
"ANPP","mat","geographic.area/plot.name","age.greater.than.100","ANPP = 4.48 + mat x 0.05",FALSE,0.111912047603708,257
"ANPP_foliage","mat","geographic.area/plot.name","age.greater.than.100","ANPP_foliage = 0.82 + mat x 0.1",TRUE,1.5128444849826e-07,88
"ANPP_woody","mat","geographic.area/plot.name","age.greater.than.100","ANPP_woody = 1.12 + mat x 0.08",TRUE,2.61855505802333e-05,45
"BNPP_root","mat","geographic.area/plot.name","age.greater.than.100","BNPP_root = 0.98 + mat x 0.1",TRUE,5.70724753251261e-06,82
"NPP_1","mat","geographic.area/plot.name","age.greater.than.100","NPP_1 = 3.49 + mat x 0.25",TRUE,1.19169057071088e-09,73
"ANPP_2","mat","geographic.area/plot.name","age.greater.than.100","ANPP_2 = 2.79 + mat x 0.17",TRUE,1.69277210608769e-05,110
"GPP","map","geographic.area/plot.name","age.greater.than.100","GPP = 12.82 + map x 0.01",TRUE,0.00495934991904332,222
"NPP","map","geographic.area/plot.name","age.greater.than.100","NPP = 7.1 + map x 0",FALSE,0.197355438470681,101
"ANPP","map","geographic.area/plot.name","age.greater.than.100","ANPP = 4.68 + map x 0",FALSE,0.111058624044624,276
"ANPP_foliage","map","geographic.area/plot.name","age.greater.than.100","ANPP_foliage = 2.5 + map x 0",FALSE,0.903250040095401,136
"ANPP_woody","map","geographic.area/plot.name","age.greater.than.100","ANPP_woody = 2.24 + map x 0",FALSE,0.924982293004389,45
"BNPP_root","map","geographic.area/plot.name","age.greater.than.100","BNPP_root = 1.96 + map x 0",TRUE,0.04476723867449,86
"NPP_1","map","geographic.area/plot.name","age.greater.than.100","NPP_1 = 6.71 + map x 0",FALSE,0.645670660578027,73
"ANPP_2","map","geographic.area/plot.name","age.greater.than.100","ANPP_2 = 5.29 + map x 0",TRUE,0.0267321612559715,111
"GPP","lat","geographic.area/plot.name","age.greater.than.100","GPP = 34.27 + lat x -0.46",TRUE,4.43366365627566e-14,245
"NPP","lat","geographic.area/plot.name","age.greater.than.100","NPP = 10.35 + lat x -0.11",TRUE,2.21902279233711e-09,115
"ANPP","lat","geographic.area/plot.name","age.greater.than.100","ANPP = 5.94 + lat x -0.04",TRUE,0.000201723082894014,325
"ANPP_foliage","lat","geographic.area/plot.name","age.greater.than.100","ANPP_foliage = 3.02 + lat x -0.03",TRUE,3.5532274600553e-08,161
"ANPP_woody","lat","geographic.area/plot.name","age.greater.than.100","ANPP_woody = 3.06 + lat x -0.03",TRUE,0.00359967924616518,64
"BNPP_root","lat","geographic.area/plot.name","age.greater.than.100","BNPP_root = 4.09 + lat x -0.05",TRUE,2.99397776302137e-08,96
"NPP_1","lat","geographic.area/plot.name","age.greater.than.100","NPP_1 = 10.02 + lat x -0.11",TRUE,1.6946535849786e-08,83
"ANPP_2","lat","geographic.area/plot.name","age.greater.than.100","ANPP_2 = 7.16 + lat x -0.07",TRUE,0.000114985232223277,131
"GPP","stand.age","geographic.area/plot.name","age.greater.than.100","GPP = 8.31 + stand.age x 1.61",FALSE,0.590439767727239,183
"NPP","stand.age","geographic.area/plot.name","age.greater.than.100","NPP = 5.47 + stand.age x -0.3",FALSE,0.867757070651281,61
"ANPP","stand.age","geographic.area/plot.name","age.greater.than.100","ANPP = 6.63 + stand.age x -1.41",FALSE,0.181102033447498,130
"ANPP_foliage","stand.age","geographic.area/plot.name","age.greater.than.100","ANPP_foliage = 1.44 + stand.age x 0.07",FALSE,0.890227054357235,65
"ANPP_woody","stand.age","geographic.area/plot.name","age.greater.than.100","ANPP_woody = -2.32 + stand.age x 1.75",TRUE,0.0493100957873625,34
"BNPP_root","stand.age","geographic.area/plot.name","age.greater.than.100","BNPP_root = 1.5 + stand.age x -0.06",FALSE,0.942520122187208,48
"NPP_1","stand.age","geographic.area/plot.name","age.greater.than.100","NPP_1 = 7.44 + stand.age x -1.23",FALSE,0.465297567079631,46
"ANPP_2","stand.age","geographic.area/plot.name","age.greater.than.100","ANPP_2 = 5.89 + stand.age x -1.04",FALSE,0.419067551770383,98
"GPP","leaf.type","geographic.area/plot.name","age.greater.than.100","GPP = 14.01 + leaf.type x 12.37",TRUE,9.50559286768082e-07,229
"NPP","leaf.type","geographic.area/plot.name","age.greater.than.100","NPP = 3.79 + leaf.type x 4.56",TRUE,1.09282247558243e-06,115
"ANPP","leaf.type","geographic.area/plot.name","age.greater.than.100","ANPP = 4.05 + leaf.type x 1.3",TRUE,0.0165740681019102,307
"ANPP_foliage","leaf.type","geographic.area/plot.name","age.greater.than.100","ANPP_foliage = 1.37 + leaf.type x 1.33",TRUE,1.98567654955166e-06,155
"ANPP_woody","leaf.type","geographic.area/plot.name","age.greater.than.100","ANPP_woody = 1.81 + leaf.type x 0.84",FALSE,0.0620554867461331,64
"BNPP_root","leaf.type","geographic.area/plot.name","age.greater.than.100","BNPP_root = 1.25 + leaf.type x 1.89",TRUE,0.000323384087360439,94
"NPP_1","leaf.type","geographic.area/plot.name","age.greater.than.100","NPP_1 = 3.61 + leaf.type x 4.48",TRUE,2.53797034625584e-06,83
"ANPP_2","leaf.type","geographic.area/plot.name","age.greater.than.100","ANPP_2 = 3.84 + leaf.type x 1.11",FALSE,0.138827642322188,128
"GPP","leaf.phenology","geographic.area/plot.name","age.greater.than.100","GPP = 21.18 + leaf.phenology x -1.36",FALSE,0.702949228853528,226
"NPP","leaf.phenology","geographic.area/plot.name","age.greater.than.100","NPP = 6.79 + leaf.phenology x -1.02",FALSE,0.310387347144824,115
"ANPP","leaf.phenology","geographic.area/plot.name","age.greater.than.100","ANPP = 5.1 + leaf.phenology x -1.22",TRUE,0.0155702792389616,306
"ANPP_foliage","leaf.phenology","geographic.area/plot.name","age.greater.than.100","ANPP_foliage = 2.45 + leaf.phenology x -0.15",FALSE,0.59360031921799,157
"ANPP_woody","leaf.phenology","geographic.area/plot.name","age.greater.than.100","ANPP_woody = 2.33 + leaf.phenology x -1.3",FALSE,0.0914475078283581,64
"BNPP_root","leaf.phenology","geographic.area/plot.name","age.greater.than.100","BNPP_root = 2.66 + leaf.phenology x -0.7",FALSE,0.174617564733292,94
"NPP_1","leaf.phenology","geographic.area/plot.name","age.greater.than.100","NPP_1 = 6.5 + leaf.phenology x -0.8",FALSE,0.420833282587993,83
"ANPP_2","leaf.phenology","geographic.area/plot.name","age.greater.than.100","ANPP_2 = 4.72 + leaf.phenology x -1.56",TRUE,0.0219029656113458,128
"GPP","AnnualMeanTemp","geographic.area/plot.name","age.greater.than.100","GPP = 9.43 + AnnualMeanTemp x 0.81",TRUE,2.68886125259453e-15,245
"NPP","AnnualMeanTemp","geographic.area/plot.name","age.greater.than.100","NPP = 3.69 + AnnualMeanTemp x 0.24",TRUE,8.50064338720163e-11,115
"ANPP","AnnualMeanTemp","geographic.area/plot.name","age.greater.than.100","ANPP = 3.95 + AnnualMeanTemp x 0.06",TRUE,0.0092633762172808,324
"ANPP_foliage","AnnualMeanTemp","geographic.area/plot.name","age.greater.than.100","ANPP_foliage = 1 + AnnualMeanTemp x 0.08",TRUE,2.50766622134545e-12,161
"ANPP_woody","AnnualMeanTemp","geographic.area/plot.name","age.greater.than.100","ANPP_woody = 1.39 + AnnualMeanTemp x 0.06",TRUE,0.000226940367429505,64
"BNPP_root","AnnualMeanTemp","geographic.area/plot.name","age.greater.than.100","BNPP_root = 1.01 + AnnualMeanTemp x 0.11",TRUE,1.90336106768742e-07,96
"NPP_1","AnnualMeanTemp","geographic.area/plot.name","age.greater.than.100","NPP_1 = 3.53 + AnnualMeanTemp x 0.23",TRUE,6.00770540885504e-10,83
"ANPP_2","AnnualMeanTemp","geographic.area/plot.name","age.greater.than.100","ANPP_2 = 2.78 + AnnualMeanTemp x 0.16",TRUE,1.99366208856678e-05,131
"GPP","MeanDiurnalRange","geographic.area/plot.name","age.greater.than.100","GPP = 28.91 + MeanDiurnalRange x -0.76",FALSE,0.121689532402713,245
"NPP","MeanDiurnalRange","geographic.area/plot.name","age.greater.than.100","NPP = 6.64 + MeanDiurnalRange x -0.01",FALSE,0.932873748521422,115
"ANPP","MeanDiurnalRange","geographic.area/plot.name","age.greater.than.100","ANPP = 8.17 + MeanDiurnalRange x -0.32",TRUE,0.000694944045485,324
"ANPP_foliage","MeanDiurnalRange","geographic.area/plot.name","age.greater.than.100","ANPP_foliage = 4.25 + MeanDiurnalRange x -0.18",TRUE,0.000385237341019963,161
"ANPP_woody","MeanDiurnalRange","geographic.area/plot.name","age.greater.than.100","ANPP_woody = 2.9 + MeanDiurnalRange x -0.06",FALSE,0.552152258117309,64
"BNPP_root","MeanDiurnalRange","geographic.area/plot.name","age.greater.than.100","BNPP_root = 2.67 + MeanDiurnalRange x -0.02",FALSE,0.884685858477296,96
"NPP_1","MeanDiurnalRange","geographic.area/plot.name","age.greater.than.100","NPP_1 = 6.99 + MeanDiurnalRange x -0.07",FALSE,0.747583542424888,83
"ANPP_2","MeanDiurnalRange","geographic.area/plot.name","age.greater.than.100","ANPP_2 = 5.15 + MeanDiurnalRange x -0.08",FALSE,0.609392728792646,131
"GPP","Isothermality","geographic.area/plot.name","age.greater.than.100","GPP = 0.03 + Isothermality x 41.12",TRUE,1.56541784042979e-15,245
"NPP","Isothermality","geographic.area/plot.name","age.greater.than.100","NPP = 1.99 + Isothermality x 9.45",TRUE,1.77480201785965e-08,115
"ANPP","Isothermality","geographic.area/plot.name","age.greater.than.100","ANPP = 3.2 + Isothermality x 2.98",TRUE,0.00163075868652128,324
"ANPP_foliage","Isothermality","geographic.area/plot.name","age.greater.than.100","ANPP_foliage = 0.76 + Isothermality x 2.56",TRUE,1.0803904842385e-06,161
"ANPP_woody","Isothermality","geographic.area/plot.name","age.greater.than.100","ANPP_woody = 0.83 + Isothermality x 2.5",TRUE,0.00315891567511555,64
"BNPP_root","Isothermality","geographic.area/plot.name","age.greater.than.100","BNPP_root = -0.18 + Isothermality x 5.22",TRUE,7.81583303759516e-10,96
"NPP_1","Isothermality","geographic.area/plot.name","age.greater.than.100","NPP_1 = 1.82 + Isothermality x 9.38",TRUE,3.40519899019509e-08,83
"ANPP_2","Isothermality","geographic.area/plot.name","age.greater.than.100","ANPP_2 = 2.42 + Isothermality x 4.38",TRUE,0.0141153834531785,131
"GPP","TempSeasonality","geographic.area/plot.name","age.greater.than.100","GPP = 31.47 + TempSeasonality x -0.19",TRUE,7.96549842631621e-15,245
"NPP","TempSeasonality","geographic.area/plot.name","age.greater.than.100","NPP = 9.38 + TempSeasonality x -0.05",TRUE,3.20911382639115e-08,115
"ANPP","TempSeasonality","geographic.area/plot.name","age.greater.than.100","ANPP = 5.59 + TempSeasonality x -0.02",TRUE,0.00202296497956534,324
"ANPP_foliage","TempSeasonality","geographic.area/plot.name","age.greater.than.100","ANPP_foliage = 2.93 + TempSeasonality x -0.02",TRUE,2.57949633930282e-09,161
"ANPP_woody","TempSeasonality","geographic.area/plot.name","age.greater.than.100","ANPP_woody = 2.93 + TempSeasonality x -0.01",TRUE,0.000446467336867745,64
"BNPP_root","TempSeasonality","geographic.area/plot.name","age.greater.than.100","BNPP_root = 3.74 + TempSeasonality x -0.02",TRUE,2.71075012014789e-07,96
"NPP_1","TempSeasonality","geographic.area/plot.name","age.greater.than.100","NPP_1 = 9.14 + TempSeasonality x -0.05",TRUE,7.9443287266934e-08,83
"ANPP_2","TempSeasonality","geographic.area/plot.name","age.greater.than.100","ANPP_2 = 6.05 + TempSeasonality x -0.03",TRUE,0.00234943756182322,131
"GPP","MaxTWarmestMonth","geographic.area/plot.name","age.greater.than.100","GPP = -18.9 + MaxTWarmestMonth x 1.42",TRUE,2.99460739336559e-07,245
"NPP","MaxTWarmestMonth","geographic.area/plot.name","age.greater.than.100","NPP = -0.94 + MaxTWarmestMonth x 0.28",TRUE,7.30690266884796e-05,115
"ANPP","MaxTWarmestMonth","geographic.area/plot.name","age.greater.than.100","ANPP = 5.24 + MaxTWarmestMonth x -0.01",FALSE,0.801887579127487,324
"ANPP_foliage","MaxTWarmestMonth","geographic.area/plot.name","age.greater.than.100","ANPP_foliage = -1.3 + MaxTWarmestMonth x 0.13",TRUE,7.05797732870344e-09,161
"ANPP_woody","MaxTWarmestMonth","geographic.area/plot.name","age.greater.than.100","ANPP_woody = -1.16 + MaxTWarmestMonth x 0.13",TRUE,0.00139898724718618,64
"BNPP_root","MaxTWarmestMonth","geographic.area/plot.name","age.greater.than.100","BNPP_root = -1.89 + MaxTWarmestMonth x 0.16",TRUE,0.000201534983591788,96
"NPP_1","MaxTWarmestMonth","geographic.area/plot.name","age.greater.than.100","NPP_1 = -2.81 + MaxTWarmestMonth x 0.35",TRUE,2.37375858820997e-05,83
"ANPP_2","MaxTWarmestMonth","geographic.area/plot.name","age.greater.than.100","ANPP_2 = -1.83 + MaxTWarmestMonth x 0.24",TRUE,0.000491369539438764,131
"GPP","MinTColdestMonth","geographic.area/plot.name","age.greater.than.100","GPP = 20.59 + MinTColdestMonth x 0.52",TRUE,4.03983083412149e-17,245
"NPP","MinTColdestMonth","geographic.area/plot.name","age.greater.than.100","NPP = 6.74 + MinTColdestMonth x 0.15",TRUE,6.38004183558109e-11,115
"ANPP","MinTColdestMonth","geographic.area/plot.name","age.greater.than.100","ANPP = 4.69 + MinTColdestMonth x 0.05",TRUE,0.00136181673200596,324
"ANPP_foliage","MinTColdestMonth","geographic.area/plot.name","age.greater.than.100","ANPP_foliage = 1.99 + MinTColdestMonth x 0.05",TRUE,6.99734679406853e-12,161
"ANPP_woody","MinTColdestMonth","geographic.area/plot.name","age.greater.than.100","ANPP_woody = 2.18 + MinTColdestMonth x 0.04",TRUE,9.33740201749177e-05,64
"BNPP_root","MinTColdestMonth","geographic.area/plot.name","age.greater.than.100","BNPP_root = 2.35 + MinTColdestMonth x 0.07",TRUE,8.74387054421973e-08,96
"NPP_1","MinTColdestMonth","geographic.area/plot.name","age.greater.than.100","NPP_1 = 6.56 + MinTColdestMonth x 0.15",TRUE,5.29360166919082e-10,83
"ANPP_2","MinTColdestMonth","geographic.area/plot.name","age.greater.than.100","ANPP_2 = 4.73 + MinTColdestMonth x 0.09",TRUE,0.000146154668877219,131
"GPP","TempRangeAnnual","geographic.area/plot.name","age.greater.than.100","GPP = 38.52 + TempRangeAnnual x -0.64",TRUE,4.47778515898768e-15,245
"NPP","TempRangeAnnual","geographic.area/plot.name","age.greater.than.100","NPP = 11.18 + TempRangeAnnual x -0.17",TRUE,1.84219651890531e-08,115
"ANPP","TempRangeAnnual","geographic.area/plot.name","age.greater.than.100","ANPP = 6.33 + TempRangeAnnual x -0.06",TRUE,0.000205100474645583,324
"ANPP_foliage","TempRangeAnnual","geographic.area/plot.name","age.greater.than.100","ANPP_foliage = 3.46 + TempRangeAnnual x -0.05",TRUE,1.14707998615034e-09,161
"ANPP_woody","TempRangeAnnual","geographic.area/plot.name","age.greater.than.100","ANPP_woody = 3.5 + TempRangeAnnual x -0.05",TRUE,0.000362886684804318,64
"BNPP_root","TempRangeAnnual","geographic.area/plot.name","age.greater.than.100","BNPP_root = 4.59 + TempRangeAnnual x -0.08",TRUE,4.02015401606108e-07,96
"NPP_1","TempRangeAnnual","geographic.area/plot.name","age.greater.than.100","NPP_1 = 10.92 + TempRangeAnnual x -0.17",TRUE,4.79402506670786e-08,83
"ANPP_2","TempRangeAnnual","geographic.area/plot.name","age.greater.than.100","ANPP_2 = 6.92 + TempRangeAnnual x -0.09",TRUE,0.002618206465627,131
"GPP","MeanTWetQ","geographic.area/plot.name","age.greater.than.100","GPP = 10.68 + MeanTWetQ x 0.57",TRUE,8.61977427601191e-05,245
"NPP","MeanTWetQ","geographic.area/plot.name","age.greater.than.100","NPP = 3.18 + MeanTWetQ x 0.2",TRUE,0.00022900443087466,115
"ANPP","MeanTWetQ","geographic.area/plot.name","age.greater.than.100","ANPP = 4.09 + MeanTWetQ x 0.05",TRUE,0.0393161390976286,324
"ANPP_foliage","MeanTWetQ","geographic.area/plot.name","age.greater.than.100","ANPP_foliage = 1.21 + MeanTWetQ x 0.06",TRUE,2.97700396022366e-07,161
"ANPP_woody","MeanTWetQ","geographic.area/plot.name","age.greater.than.100","ANPP_woody = 1.81 + MeanTWetQ x 0.03",FALSE,0.212472133347369,64
"BNPP_root","MeanTWetQ","geographic.area/plot.name","age.greater.than.100","BNPP_root = 0.88 + MeanTWetQ x 0.09",TRUE,0.00209389552501978,96
"NPP_1","MeanTWetQ","geographic.area/plot.name","age.greater.than.100","NPP_1 = 2.88 + MeanTWetQ x 0.2",TRUE,0.000432248685833744,83
"ANPP_2","MeanTWetQ","geographic.area/plot.name","age.greater.than.100","ANPP_2 = 3 + MeanTWetQ x 0.1",TRUE,0.0133704223099511,131
"GPP","MeanTDryQ","geographic.area/plot.name","age.greater.than.100","GPP = 15.77 + MeanTDryQ x 0.51",TRUE,1.37533648968989e-13,245
"NPP","MeanTDryQ","geographic.area/plot.name","age.greater.than.100","NPP = 5.42 + MeanTDryQ x 0.15",TRUE,2.53002731232371e-09,115
"ANPP","MeanTDryQ","geographic.area/plot.name","age.greater.than.100","ANPP = 4.5 + MeanTDryQ x 0.03",FALSE,0.0716095761880781,324
"ANPP_foliage","MeanTDryQ","geographic.area/plot.name","age.greater.than.100","ANPP_foliage = 1.36 + MeanTDryQ x 0.06",TRUE,8.49214132829443e-13,161
"ANPP_woody","MeanTDryQ","geographic.area/plot.name","age.greater.than.100","ANPP_woody = 1.62 + MeanTDryQ x 0.05",TRUE,2.43302423203355e-05,64
"BNPP_root","MeanTDryQ","geographic.area/plot.name","age.greater.than.100","BNPP_root = 1.74 + MeanTDryQ x 0.07",TRUE,2.51523337089683e-07,96
"NPP_1","MeanTDryQ","geographic.area/plot.name","age.greater.than.100","NPP_1 = 5.26 + MeanTDryQ x 0.15",TRUE,6.78273058670721e-09,83
"ANPP_2","MeanTDryQ","geographic.area/plot.name","age.greater.than.100","ANPP_2 = 3.81 + MeanTDryQ x 0.09",TRUE,0.000533540180001014,131
"GPP","MeanTWarmQ","geographic.area/plot.name","age.greater.than.100","GPP = -9.84 + MeanTWarmQ x 1.45",TRUE,2.09131591677433e-10,245
"NPP","MeanTWarmQ","geographic.area/plot.name","age.greater.than.100","NPP = -0.24 + MeanTWarmQ x 0.35",TRUE,7.4777151637395e-07,115
"ANPP","MeanTWarmQ","geographic.area/plot.name","age.greater.than.100","ANPP = 4.16 + MeanTWarmQ x 0.04",FALSE,0.300844919187866,324
"ANPP_foliage","MeanTWarmQ","geographic.area/plot.name","age.greater.than.100","ANPP_foliage = -0.44 + MeanTWarmQ x 0.13",TRUE,5.0173721834597e-11,161
"ANPP_woody","MeanTWarmQ","geographic.area/plot.name","age.greater.than.100","ANPP_woody = 0.24 + MeanTWarmQ x 0.1",TRUE,0.00207052679914142,64
"BNPP_root","MeanTWarmQ","geographic.area/plot.name","age.greater.than.100","BNPP_root = -0.68 + MeanTWarmQ x 0.15",TRUE,5.84561501094381e-05,96
"NPP_1","MeanTWarmQ","geographic.area/plot.name","age.greater.than.100","NPP_1 = -0.99 + MeanTWarmQ x 0.37",TRUE,6.94909329828349e-07,83
"ANPP_2","MeanTWarmQ","geographic.area/plot.name","age.greater.than.100","ANPP_2 = -0.54 + MeanTWarmQ x 0.27",TRUE,4.6415731655094e-05,131
"GPP","MeanTColdQ","geographic.area/plot.name","age.greater.than.100","GPP = 17.37 + MeanTColdQ x 0.53",TRUE,4.24022750773573e-16,245
"NPP","MeanTColdQ","geographic.area/plot.name","age.greater.than.100","NPP = 5.9 + MeanTColdQ x 0.15",TRUE,1.45481459984843e-10,115
"ANPP","MeanTColdQ","geographic.area/plot.name","age.greater.than.100","ANPP = 4.45 + MeanTColdQ x 0.05",TRUE,0.00369480753082429,324
"ANPP_foliage","MeanTColdQ","geographic.area/plot.name","age.greater.than.100","ANPP_foliage = 1.71 + MeanTColdQ x 0.05",TRUE,9.52718139822719e-12,161
"ANPP_woody","MeanTColdQ","geographic.area/plot.name","age.greater.than.100","ANPP_woody = 1.95 + MeanTColdQ x 0.04",TRUE,0.00016297451328013,64
"BNPP_root","MeanTColdQ","geographic.area/plot.name","age.greater.than.100","BNPP_root = 1.97 + MeanTColdQ x 0.07",TRUE,1.10267480805728e-07,96
"NPP_1","MeanTColdQ","geographic.area/plot.name","age.greater.than.100","NPP_1 = 5.73 + MeanTColdQ x 0.15",TRUE,1.04603352003729e-09,83
"ANPP_2","MeanTColdQ","geographic.area/plot.name","age.greater.than.100","ANPP_2 = 4.22 + MeanTColdQ x 0.09",TRUE,0.000108289361104263,131
"GPP","AnnualPre","geographic.area/plot.name","age.greater.than.100","GPP = 7.62 + AnnualPre x 0.01",TRUE,2.49392174113124e-08,245
"NPP","AnnualPre","geographic.area/plot.name","age.greater.than.100","NPP = 3.67 + AnnualPre x 0",TRUE,5.95817026602588e-06,115
"ANPP","AnnualPre","geographic.area/plot.name","age.greater.than.100","ANPP = 3.7 + AnnualPre x 0",TRUE,0.000195149117297291,324
"ANPP_foliage","AnnualPre","geographic.area/plot.name","age.greater.than.100","ANPP_foliage = 1.53 + AnnualPre x 0",TRUE,2.95929428806421e-05,161
"ANPP_woody","AnnualPre","geographic.area/plot.name","age.greater.than.100","ANPP_woody = 1.14 + AnnualPre x 0",TRUE,0.0011802973463808,64
"BNPP_root","AnnualPre","geographic.area/plot.name","age.greater.than.100","BNPP_root = 1.45 + AnnualPre x 0",TRUE,0.00178444982699063,96
"NPP_1","AnnualPre","geographic.area/plot.name","age.greater.than.100","NPP_1 = 3.45 + AnnualPre x 0",TRUE,1.07904175583249e-05,83
"ANPP_2","AnnualPre","geographic.area/plot.name","age.greater.than.100","ANPP_2 = 3.25 + AnnualPre x 0",TRUE,0.0254039976977944,131
"GPP","PreWetMonth","geographic.area/plot.name","age.greater.than.100","GPP = 10.26 + PreWetMonth x 0.04",TRUE,3.70543660262671e-06,245
"NPP","PreWetMonth","geographic.area/plot.name","age.greater.than.100","NPP = 4.06 + PreWetMonth x 0.01",TRUE,9.35193357724413e-05,115
"ANPP","PreWetMonth","geographic.area/plot.name","age.greater.than.100","ANPP = 4.67 + PreWetMonth x 0",FALSE,0.25391792488425,324
"ANPP_foliage","PreWetMonth","geographic.area/plot.name","age.greater.than.100","ANPP_foliage = 1.54 + PreWetMonth x 0",TRUE,1.31514467471995e-05,161
"ANPP_woody","PreWetMonth","geographic.area/plot.name","age.greater.than.100","ANPP_woody = 1.23 + PreWetMonth x 0",TRUE,0.0056993078659772,64
"BNPP_root","PreWetMonth","geographic.area/plot.name","age.greater.than.100","BNPP_root = 2.14 + PreWetMonth x 0",FALSE,0.0987390203742508,96
"NPP_1","PreWetMonth","geographic.area/plot.name","age.greater.than.100","NPP_1 = 3.89 + PreWetMonth x 0.01",TRUE,0.000161234591044131,83
"ANPP_2","PreWetMonth","geographic.area/plot.name","age.greater.than.100","ANPP_2 = 3.09 + PreWetMonth x 0.01",TRUE,0.00970562629038497,131
"GPP","PreDryMonth","geographic.area/plot.name","age.greater.than.100","GPP = 16.63 + PreDryMonth x 0.09",TRUE,0.00782724845524559,245
"NPP","PreDryMonth","geographic.area/plot.name","age.greater.than.100","NPP = 4.94 + PreDryMonth x 0.03",TRUE,0.000242140214835414,115
"ANPP","PreDryMonth","geographic.area/plot.name","age.greater.than.100","ANPP = 3.99 + PreDryMonth x 0.02",TRUE,1.50117466405719e-05,324
"ANPP_foliage","PreDryMonth","geographic.area/plot.name","age.greater.than.100","ANPP_foliage = 2.09 + PreDryMonth x 0",TRUE,0.0294273761358796,161
"ANPP_woody","PreDryMonth","geographic.area/plot.name","age.greater.than.100","ANPP_woody = 1.69 + PreDryMonth x 0.01",TRUE,0.00833624305258634,64
"BNPP_root","PreDryMonth","geographic.area/plot.name","age.greater.than.100","BNPP_root = 2.02 + PreDryMonth x 0.01",FALSE,0.0567537569432658,96
"NPP_1","PreDryMonth","geographic.area/plot.name","age.greater.than.100","NPP_1 = 4.52 + PreDryMonth x 0.03",TRUE,0.000150265986234991,83
"ANPP_2","PreDryMonth","geographic.area/plot.name","age.greater.than.100","ANPP_2 = 3.53 + PreDryMonth x 0.02",TRUE,0.0155404107404122,131
"GPP","PreSeasonality","geographic.area/plot.name","age.greater.than.100","GPP = 19.17 + PreSeasonality x 0.03",FALSE,0.459000081157285,245
"NPP","PreSeasonality","geographic.area/plot.name","age.greater.than.100","NPP = 6.92 + PreSeasonality x -0.01",FALSE,0.642379887372443,115
"ANPP","PreSeasonality","geographic.area/plot.name","age.greater.than.100","ANPP = 6.39 + PreSeasonality x -0.03",TRUE,4.63691768418915e-07,324
"ANPP_foliage","PreSeasonality","geographic.area/plot.name","age.greater.than.100","ANPP_foliage = 2.4 + PreSeasonality x 0",FALSE,0.941006420183425,161
"ANPP_woody","PreSeasonality","geographic.area/plot.name","age.greater.than.100","ANPP_woody = 2.77 + PreSeasonality x -0.01",FALSE,0.30925290388105,64
"BNPP_root","PreSeasonality","geographic.area/plot.name","age.greater.than.100","BNPP_root = 2.12 + PreSeasonality x 0.01",FALSE,0.411812422515181,96
"NPP_1","PreSeasonality","geographic.area/plot.name","age.greater.than.100","NPP_1 = 7.07 + PreSeasonality x -0.02",FALSE,0.43197415191937,83
"ANPP_2","PreSeasonality","geographic.area/plot.name","age.greater.than.100","ANPP_2 = 4.57 + PreSeasonality x 0",FALSE,0.777692156366064,131
"GPP","PreWetQ","geographic.area/plot.name","age.greater.than.100","GPP = 10.16 + PreWetQ x 0.02",TRUE,3.04624157091007e-06,245
"NPP","PreWetQ","geographic.area/plot.name","age.greater.than.100","NPP = 4.1 + PreWetQ x 0",TRUE,0.000101656050488483,115
"ANPP","PreWetQ","geographic.area/plot.name","age.greater.than.100","ANPP = 4.56 + PreWetQ x 0",FALSE,0.149430585533684,324
"ANPP_foliage","PreWetQ","geographic.area/plot.name","age.greater.than.100","ANPP_foliage = 1.56 + PreWetQ x 0",TRUE,4.35168710148769e-05,161
"ANPP_woody","PreWetQ","geographic.area/plot.name","age.greater.than.100","ANPP_woody = 1.26 + PreWetQ x 0",TRUE,0.00621852846830958,64
"BNPP_root","PreWetQ","geographic.area/plot.name","age.greater.than.100","BNPP_root = 2 + PreWetQ x 0",TRUE,0.0421980382055704,96
"NPP_1","PreWetQ","geographic.area/plot.name","age.greater.than.100","NPP_1 = 3.92 + PreWetQ x 0",TRUE,0.000174587461626812,83
"ANPP_2","PreWetQ","geographic.area/plot.name","age.greater.than.100","ANPP_2 = 3.33 + PreWetQ x 0",TRUE,0.0411577693027069,131
"GPP","PreDryQ","geographic.area/plot.name","age.greater.than.100","GPP = 16.15 + PreDryQ x 0.03",TRUE,0.00541713684297981,245
"NPP","PreDryQ","geographic.area/plot.name","age.greater.than.100","NPP = 4.8 + PreDryQ x 0.01",TRUE,0.000223840820527259,115
"ANPP","PreDryQ","geographic.area/plot.name","age.greater.than.100","ANPP = 4.05 + PreDryQ x 0",TRUE,0.000172631136798683,324
"ANPP_foliage","PreDryQ","geographic.area/plot.name","age.greater.than.100","ANPP_foliage = 2.02 + PreDryQ x 0",TRUE,0.0154698505223822,161
"ANPP_woody","PreDryQ","geographic.area/plot.name","age.greater.than.100","ANPP_woody = 1.6 + PreDryQ x 0",TRUE,0.00521728521659331,64
"BNPP_root","PreDryQ","geographic.area/plot.name","age.greater.than.100","BNPP_root = 1.91 + PreDryQ x 0",TRUE,0.0344517520653329,96
"NPP_1","PreDryQ","geographic.area/plot.name","age.greater.than.100","NPP_1 = 4.32 + PreDryQ x 0.01",TRUE,9.70761554934955e-05,83
"ANPP_2","PreDryQ","geographic.area/plot.name","age.greater.than.100","ANPP_2 = 3.37 + PreDryQ x 0.01",TRUE,0.0106893561633632,131
"GPP","PreWarmQ","geographic.area/plot.name","age.greater.than.100","GPP = 17.24 + PreWarmQ x 0.01",TRUE,0.0419200272272301,245
"NPP","PreWarmQ","geographic.area/plot.name","age.greater.than.100","NPP = 4.89 + PreWarmQ x 0",TRUE,0.00282145035108374,115
"ANPP","PreWarmQ","geographic.area/plot.name","age.greater.than.100","ANPP = 3.68 + PreWarmQ x 0",TRUE,1.73296456853437e-06,324
"ANPP_foliage","PreWarmQ","geographic.area/plot.name","age.greater.than.100","ANPP_foliage = 2.02 + PreWarmQ x 0",TRUE,0.0128848301225979,161
"ANPP_woody","PreWarmQ","geographic.area/plot.name","age.greater.than.100","ANPP_woody = 1.83 + PreWarmQ x 0",FALSE,0.0899014322382382,64
"BNPP_root","PreWarmQ","geographic.area/plot.name","age.greater.than.100","BNPP_root = 1.86 + PreWarmQ x 0",TRUE,0.0349489972400431,96
"NPP_1","PreWarmQ","geographic.area/plot.name","age.greater.than.100","NPP_1 = 4.77 + PreWarmQ x 0",TRUE,0.00620671282972566,83
"ANPP_2","PreWarmQ","geographic.area/plot.name","age.greater.than.100","ANPP_2 = 3.59 + PreWarmQ x 0",FALSE,0.0573892320646506,131
"GPP","PreColdQ","geographic.area/plot.name","age.greater.than.100","GPP = 16.31 + PreColdQ x 0.01",TRUE,0.00301784809162657,245
"NPP","PreColdQ","geographic.area/plot.name","age.greater.than.100","NPP = 4.84 + PreColdQ x 0",TRUE,0.000502413858334751,115
"ANPP","PreColdQ","geographic.area/plot.name","age.greater.than.100","ANPP = 4.45 + PreColdQ x 0",TRUE,0.0276514344518726,324
"ANPP_foliage","PreColdQ","geographic.area/plot.name","age.greater.than.100","ANPP_foliage = 1.74 + PreColdQ x 0",TRUE,0.00051485362054546,161
"ANPP_woody","PreColdQ","geographic.area/plot.name","age.greater.than.100","ANPP_woody = 1.4 + PreColdQ x 0",TRUE,0.00303776947890117,64
"BNPP_root","PreColdQ","geographic.area/plot.name","age.greater.than.100","BNPP_root = 2.23 + PreColdQ x 0",FALSE,0.179243390407314,96
"NPP_1","PreColdQ","geographic.area/plot.name","age.greater.than.100","NPP_1 = 4.5 + PreColdQ x 0",TRUE,0.000261339174942826,83
"ANPP_2","PreColdQ","geographic.area/plot.name","age.greater.than.100","ANPP_2 = 3.74 + PreColdQ x 0",FALSE,0.170054101552927,131
"GPP","CloudCover","geographic.area/plot.name","age.greater.than.100","GPP = 22.06 + CloudCover x -0.02",FALSE,0.871456924363064,245
"NPP","CloudCover","geographic.area/plot.name","age.greater.than.100","NPP = 0.15 + CloudCover x 0.09",FALSE,0.211138247964805,115
"ANPP","CloudCover","geographic.area/plot.name","age.greater.than.100","ANPP = 0.21 + CloudCover x 0.07",TRUE,0.000237512172475531,325
"ANPP_foliage","CloudCover","geographic.area/plot.name","age.greater.than.100","ANPP_foliage = 1.98 + CloudCover x 0.01",FALSE,0.670754158540351,161
"ANPP_woody","CloudCover","geographic.area/plot.name","age.greater.than.100","ANPP_woody = -0.83 + CloudCover x 0.04",FALSE,0.148715120983028,64
"BNPP_root","CloudCover","geographic.area/plot.name","age.greater.than.100","BNPP_root = 1.24 + CloudCover x 0.02",FALSE,0.489841505545726,96
"NPP_1","CloudCover","geographic.area/plot.name","age.greater.than.100","NPP_1 = 0.07 + CloudCover x 0.09",FALSE,0.231758230479005,83
"ANPP_2","CloudCover","geographic.area/plot.name","age.greater.than.100","ANPP_2 = -1.32 + CloudCover x 0.08",FALSE,0.162586072202676,131
"GPP","AnnualFrostDays","geographic.area/plot.name","age.greater.than.100","GPP = 28.32 + AnnualFrostDays x -0.08",TRUE,1.6247351219184e-11,245
"NPP","AnnualFrostDays","geographic.area/plot.name","age.greater.than.100","NPP = 9.28 + AnnualFrostDays x -0.03",TRUE,7.63896662340432e-11,115
"ANPP","AnnualFrostDays","geographic.area/plot.name","age.greater.than.100","ANPP = 5.28 + AnnualFrostDays x 0",FALSE,0.0859093461390875,325
"ANPP_foliage","AnnualFrostDays","geographic.area/plot.name","age.greater.than.100","ANPP_foliage = 2.92 + AnnualFrostDays x -0.01",TRUE,3.94770525429027e-12,161
"ANPP_woody","AnnualFrostDays","geographic.area/plot.name","age.greater.than.100","ANPP_woody = 3 + AnnualFrostDays x -0.01",TRUE,0.000504295830590958,64
"BNPP_root","AnnualFrostDays","geographic.area/plot.name","age.greater.than.100","BNPP_root = 3.52 + AnnualFrostDays x -0.01",TRUE,3.19508770876988e-07,96
"NPP_1","AnnualFrostDays","geographic.area/plot.name","age.greater.than.100","NPP_1 = 9.06 + AnnualFrostDays x -0.03",TRUE,1.66243143509866e-09,83
"ANPP_2","AnnualFrostDays","geographic.area/plot.name","age.greater.than.100","ANPP_2 = 6.43 + AnnualFrostDays x -0.02",TRUE,9.67460552252428e-05,131
"GPP","AnnualPET","geographic.area/plot.name","age.greater.than.100","GPP = -0.37 + AnnualPET x 0.02",TRUE,3.31607030460675e-07,245
"NPP","AnnualPET","geographic.area/plot.name","age.greater.than.100","NPP = 1.07 + AnnualPET x 0.01",TRUE,6.69350253649699e-07,115
"ANPP","AnnualPET","geographic.area/plot.name","age.greater.than.100","ANPP = 4.87 + AnnualPET x 0",FALSE,0.87658835031364,325
"ANPP_foliage","AnnualPET","geographic.area/plot.name","age.greater.than.100","ANPP_foliage = 0.26 + AnnualPET x 0",TRUE,5.89091419468663e-08,161
"ANPP_woody","AnnualPET","geographic.area/plot.name","age.greater.than.100","ANPP_woody = 0.6 + AnnualPET x 0",TRUE,0.00377578709111737,64
"BNPP_root","AnnualPET","geographic.area/plot.name","age.greater.than.100","BNPP_root = -0.19 + AnnualPET x 0",TRUE,5.4414067044729e-06,96
"NPP_1","AnnualPET","geographic.area/plot.name","age.greater.than.100","NPP_1 = 1 + AnnualPET x 0.01",TRUE,6.10080750545129e-06,83
"ANPP_2","AnnualPET","geographic.area/plot.name","age.greater.than.100","ANPP_2 = 0.89 + AnnualPET x 0",TRUE,0.000832634418950632,131
"GPP","AnnualWetDays","geographic.area/plot.name","age.greater.than.100","GPP = 8.36 + AnnualWetDays x 0.08",TRUE,0.00721502146452919,245
"NPP","AnnualWetDays","geographic.area/plot.name","age.greater.than.100","NPP = 2.34 + AnnualWetDays x 0.02",TRUE,0.0112694776284322,115
"ANPP","AnnualWetDays","geographic.area/plot.name","age.greater.than.100","ANPP = 2.59 + AnnualWetDays x 0.01",TRUE,0.000120521140773016,325
"ANPP_foliage","AnnualWetDays","geographic.area/plot.name","age.greater.than.100","ANPP_foliage = 1.02 + AnnualWetDays x 0.01",TRUE,0.000533672024909976,161
"ANPP_woody","AnnualWetDays","geographic.area/plot.name","age.greater.than.100","ANPP_woody = 0.9 + AnnualWetDays x 0.01",TRUE,0.0362675504247781,64
"BNPP_root","AnnualWetDays","geographic.area/plot.name","age.greater.than.100","BNPP_root = 1.73 + AnnualWetDays x 0",FALSE,0.319630452391514,96
"NPP_1","AnnualWetDays","geographic.area/plot.name","age.greater.than.100","NPP_1 = 2.14 + AnnualWetDays x 0.02",TRUE,0.0133158684937069,83
"ANPP_2","AnnualWetDays","geographic.area/plot.name","age.greater.than.100","ANPP_2 = 4.12 + AnnualWetDays x 0",FALSE,0.842769081916776,131
"GPP","mat","geographic.area/plot.name","age.greater.than.200","GPP = 9.74 + mat x 0.82",TRUE,1.61747646160738e-06,116
"NPP","mat","geographic.area/plot.name","age.greater.than.200","NPP = 3.79 + mat x 0.24",TRUE,5.23466951746252e-05,66
"ANPP","mat","geographic.area/plot.name","age.greater.than.200","ANPP = 5.96 + mat x -0.02",FALSE,0.705697439577453,212
"ANPP_foliage","mat","geographic.area/plot.name","age.greater.than.200","ANPP_foliage = 0.72 + mat x 0.1",TRUE,1.61365224939211e-09,67
"ANPP_woody","mat","geographic.area/plot.name","age.greater.than.200","ANPP_woody = 1.25 + mat x 0.07",TRUE,0.00924464377623782,34
"BNPP_root","mat","geographic.area/plot.name","age.greater.than.200","BNPP_root = 1.21 + mat x 0.1",TRUE,0.00205021253738533,53
"NPP_1","mat","geographic.area/plot.name","age.greater.than.200","NPP_1 = 3.17 + mat x 0.26",TRUE,3.21994477883777e-05,44
"ANPP_2","mat","geographic.area/plot.name","age.greater.than.200","ANPP_2 = 2.73 + mat x 0.18",TRUE,0.000265985386218833,66
"GPP","map","geographic.area/plot.name","age.greater.than.200","GPP = 18.46 + map x 0",FALSE,0.0686334613831894,117
"NPP","map","geographic.area/plot.name","age.greater.than.200","NPP = 8.67 + map x 0",FALSE,0.073305146423239,66
"ANPP","map","geographic.area/plot.name","age.greater.than.200","ANPP = 5.3 + map x 0",FALSE,0.468936082550996,230
"ANPP_foliage","map","geographic.area/plot.name","age.greater.than.200","ANPP_foliage = 2.74 + map x 0",FALSE,0.618101570274505,114
"ANPP_woody","map","geographic.area/plot.name","age.greater.than.200","ANPP_woody = 2.91 + map x 0",FALSE,0.457185752686187,34
"BNPP_root","map","geographic.area/plot.name","age.greater.than.200","BNPP_root = 2.79 + map x 0",FALSE,0.526380930303436,57
"NPP_1","map","geographic.area/plot.name","age.greater.than.200","NPP_1 = 8.54 + map x 0",FALSE,0.202270174331362,44
"ANPP_2","map","geographic.area/plot.name","age.greater.than.200","ANPP_2 = 6.72 + map x 0",TRUE,5.97173249181539e-06,67
"GPP","lat","geographic.area/plot.name","age.greater.than.200","GPP = 34.59 + lat x -0.45",TRUE,5.98018452914169e-09,129
"NPP","lat","geographic.area/plot.name","age.greater.than.200","NPP = 10.34 + lat x -0.12",TRUE,1.37890009427133e-05,74
"ANPP","lat","geographic.area/plot.name","age.greater.than.200","ANPP = 5.9 + lat x -0.03",TRUE,0.0223256810002136,261
"ANPP_foliage","lat","geographic.area/plot.name","age.greater.than.200","ANPP_foliage = 3.05 + lat x -0.04",TRUE,1.95110099959197e-09,130
"ANPP_woody","lat","geographic.area/plot.name","age.greater.than.200","ANPP_woody = 2.95 + lat x -0.02",FALSE,0.121256728305614,45
"BNPP_root","lat","geographic.area/plot.name","age.greater.than.200","BNPP_root = 4.14 + lat x -0.05",TRUE,0.000110301298795623,63
"NPP_1","lat","geographic.area/plot.name","age.greater.than.200","NPP_1 = 9.98 + lat x -0.11",TRUE,5.07644236989889e-05,49
"ANPP_2","lat","geographic.area/plot.name","age.greater.than.200","ANPP_2 = 6.72 + lat x -0.06",TRUE,0.0338400429310262,79
"GPP","stand.age","geographic.area/plot.name","age.greater.than.200","GPP = 21.46 + stand.age x -3.38",FALSE,0.865369535695107,67
"ANPP","stand.age","geographic.area/plot.name","age.greater.than.200","ANPP = 6.62 + stand.age x -1.29",FALSE,0.702844402755541,66
"ANPP_foliage","stand.age","geographic.area/plot.name","age.greater.than.200","ANPP_foliage = -1.7 + stand.age x 1.26",FALSE,0.211924021690082,34
"ANPP_2","stand.age","geographic.area/plot.name","age.greater.than.200","ANPP_2 = 15.79 + stand.age x -4.88",FALSE,0.219070176021853,46
"GPP","leaf.type","geographic.area/plot.name","age.greater.than.200","GPP = 16.67 + leaf.type x 12.27",TRUE,1.21808404176783e-05,113
"NPP","leaf.type","geographic.area/plot.name","age.greater.than.200","NPP = 4.69 + leaf.type x 4.37",TRUE,0.00051784579924645,74
"ANPP","leaf.type","geographic.area/plot.name","age.greater.than.200","ANPP = 4.85 + leaf.type x 0.66",FALSE,0.32762997879368,245
"ANPP_foliage","leaf.type","geographic.area/plot.name","age.greater.than.200","ANPP_foliage = 1.33 + leaf.type x 1.41",TRUE,6.13950224527346e-07,125
"ANPP_woody","leaf.type","geographic.area/plot.name","age.greater.than.200","ANPP_woody = 2.24 + leaf.type x 0.41",FALSE,0.443701754449634,45
"BNPP_root","leaf.type","geographic.area/plot.name","age.greater.than.200","BNPP_root = 1.46 + leaf.type x 2.16",TRUE,0.000711035676266614,62
"NPP_1","leaf.type","geographic.area/plot.name","age.greater.than.200","NPP_1 = 4.49 + leaf.type x 4.21",TRUE,0.00151467060308747,49
"ANPP_2","leaf.type","geographic.area/plot.name","age.greater.than.200","ANPP_2 = 3.96 + leaf.type x 1.81",FALSE,0.181709521897391,78
"GPP","leaf.phenology","geographic.area/plot.name","age.greater.than.200","GPP = 26.56 + leaf.phenology x -5.2",FALSE,0.336044754177834,110
"NPP","leaf.phenology","geographic.area/plot.name","age.greater.than.200","NPP = 7.61 + leaf.phenology x -0.61",FALSE,0.694891078593444,74
"ANPP","leaf.phenology","geographic.area/plot.name","age.greater.than.200","ANPP = 5.44 + leaf.phenology x -1.33",FALSE,0.0523106946336511,244
"ANPP_foliage","leaf.phenology","geographic.area/plot.name","age.greater.than.200","ANPP_foliage = 2.56 + leaf.phenology x -0.09",FALSE,0.808914497831269,127
"ANPP_woody","leaf.phenology","geographic.area/plot.name","age.greater.than.200","ANPP_woody = 2.6 + leaf.phenology x -1.16",FALSE,0.210145645581373,45
"BNPP_root","leaf.phenology","geographic.area/plot.name","age.greater.than.200","BNPP_root = 3.06 + leaf.phenology x -0.25",FALSE,0.781681093046776,62
"NPP_1","leaf.phenology","geographic.area/plot.name","age.greater.than.200","NPP_1 = 7.31 + leaf.phenology x -0.46",FALSE,0.775634703997236,49
"ANPP_2","leaf.phenology","geographic.area/plot.name","age.greater.than.200","ANPP_2 = 4.98 + leaf.phenology x -1.07",FALSE,0.40085929995777,78
"GPP","AnnualMeanTemp","geographic.area/plot.name","age.greater.than.200","GPP = 9.73 + AnnualMeanTemp x 0.81",TRUE,1.02861347692844e-08,129
"NPP","AnnualMeanTemp","geographic.area/plot.name","age.greater.than.200","NPP = 3.63 + AnnualMeanTemp x 0.24",TRUE,1.04853952013042e-05,74
"ANPP","AnnualMeanTemp","geographic.area/plot.name","age.greater.than.200","ANPP = 5.05 + AnnualMeanTemp x 0.02",FALSE,0.545793580410076,260
"ANPP_foliage","AnnualMeanTemp","geographic.area/plot.name","age.greater.than.200","ANPP_foliage = 0.75 + AnnualMeanTemp x 0.08",TRUE,7.29618163273793e-12,130
"ANPP_woody","AnnualMeanTemp","geographic.area/plot.name","age.greater.than.200","ANPP_woody = 1.62 + AnnualMeanTemp x 0.05",TRUE,0.0241849713110238,45
"BNPP_root","AnnualMeanTemp","geographic.area/plot.name","age.greater.than.200","BNPP_root = 1.12 + AnnualMeanTemp x 0.1",TRUE,0.000244470679190509,63
"NPP_1","AnnualMeanTemp","geographic.area/plot.name","age.greater.than.200","NPP_1 = 3.29 + AnnualMeanTemp x 0.24",TRUE,3.27737560813898e-05,49
"ANPP_2","AnnualMeanTemp","geographic.area/plot.name","age.greater.than.200","ANPP_2 = 3.11 + AnnualMeanTemp x 0.13",TRUE,0.01405093670351,79
"GPP","MeanDiurnalRange","geographic.area/plot.name","age.greater.than.200","GPP = 39.96 + MeanDiurnalRange x -1.41",TRUE,0.0192472557525111,129
"NPP","MeanDiurnalRange","geographic.area/plot.name","age.greater.than.200","NPP = 7.33 + MeanDiurnalRange x 0.02",FALSE,0.958473094924432,74
"ANPP","MeanDiurnalRange","geographic.area/plot.name","age.greater.than.200","ANPP = 8.79 + MeanDiurnalRange x -0.35",TRUE,0.00164734151563147,260
"ANPP_foliage","MeanDiurnalRange","geographic.area/plot.name","age.greater.than.200","ANPP_foliage = 4.24 + MeanDiurnalRange x -0.17",TRUE,0.00169141180763202,130
"ANPP_woody","MeanDiurnalRange","geographic.area/plot.name","age.greater.than.200","ANPP_woody = 4.01 + MeanDiurnalRange x -0.14",FALSE,0.232602542941446,45
"BNPP_root","MeanDiurnalRange","geographic.area/plot.name","age.greater.than.200","BNPP_root = 3.56 + MeanDiurnalRange x -0.06",FALSE,0.702627972353422,63
"NPP_1","MeanDiurnalRange","geographic.area/plot.name","age.greater.than.200","NPP_1 = 7.62 + MeanDiurnalRange x -0.03",FALSE,0.910993928876842,49
"ANPP_2","MeanDiurnalRange","geographic.area/plot.name","age.greater.than.200","ANPP_2 = 6.7 + MeanDiurnalRange x -0.17",FALSE,0.471672272691105,79
"GPP","Isothermality","geographic.area/plot.name","age.greater.than.200","GPP = 2.16 + Isothermality x 38.48",TRUE,2.22296532079085e-09,129
"NPP","Isothermality","geographic.area/plot.name","age.greater.than.200","NPP = 1.29 + Isothermality x 10.27",TRUE,5.42665793724015e-06,74
"ANPP","Isothermality","geographic.area/plot.name","age.greater.than.200","ANPP = 4.03 + Isothermality x 1.97",FALSE,0.0832312817495765,260
"ANPP_foliage","Isothermality","geographic.area/plot.name","age.greater.than.200","ANPP_foliage = 0.61 + Isothermality x 2.73",TRUE,1.52420541471663e-06,130
"ANPP_woody","Isothermality","geographic.area/plot.name","age.greater.than.200","ANPP_woody = 1.42 + Isothermality x 1.69",FALSE,0.141849199507809,45
"BNPP_root","Isothermality","geographic.area/plot.name","age.greater.than.200","BNPP_root = -0.39 + Isothermality x 5.47",TRUE,4.60637521009465e-06,63
"NPP_1","Isothermality","geographic.area/plot.name","age.greater.than.200","NPP_1 = 0.76 + Isothermality x 10.62",TRUE,4.38512454570723e-06,49
"ANPP_2","Isothermality","geographic.area/plot.name","age.greater.than.200","ANPP_2 = 3.83 + Isothermality x 1.95",FALSE,0.449545472589269,79
"GPP","TempSeasonality","geographic.area/plot.name","age.greater.than.200","GPP = 32.4 + TempSeasonality x -0.2",TRUE,3.48748667162708e-09,129
"NPP","TempSeasonality","geographic.area/plot.name","age.greater.than.200","NPP = 9.81 + TempSeasonality x -0.07",TRUE,2.14478899196569e-05,74
"ANPP","TempSeasonality","geographic.area/plot.name","age.greater.than.200","ANPP = 5.42 + TempSeasonality x 0",FALSE,0.636914490152851,260
"ANPP_foliage","TempSeasonality","geographic.area/plot.name","age.greater.than.200","ANPP_foliage = 2.91 + TempSeasonality x -0.02",TRUE,5.88710682895389e-08,130
"ANPP_woody","TempSeasonality","geographic.area/plot.name","age.greater.than.200","ANPP_woody = 2.93 + TempSeasonality x -0.01",FALSE,0.0608603848145192,45
"BNPP_root","TempSeasonality","geographic.area/plot.name","age.greater.than.200","BNPP_root = 3.96 + TempSeasonality x -0.03",TRUE,3.88239076282451e-05,63
"NPP_1","TempSeasonality","geographic.area/plot.name","age.greater.than.200","NPP_1 = 9.55 + TempSeasonality x -0.07",TRUE,3.01459466203033e-05,49
"ANPP_2","TempSeasonality","geographic.area/plot.name","age.greater.than.200","ANPP_2 = 5.57 + TempSeasonality x -0.01",FALSE,0.381323790251104,79
"GPP","MaxTWarmestMonth","geographic.area/plot.name","age.greater.than.200","GPP = -10.83 + MaxTWarmestMonth x 1.19",TRUE,0.00107525967416131,129
"NPP","MaxTWarmestMonth","geographic.area/plot.name","age.greater.than.200","NPP = 1.29 + MaxTWarmestMonth x 0.23",TRUE,0.00642863487067846,74
"ANPP","MaxTWarmestMonth","geographic.area/plot.name","age.greater.than.200","ANPP = 6.1 + MaxTWarmestMonth x -0.03",FALSE,0.52795881762621,260
"ANPP_foliage","MaxTWarmestMonth","geographic.area/plot.name","age.greater.than.200","ANPP_foliage = -1.36 + MaxTWarmestMonth x 0.13",TRUE,4.68486540019833e-08,130
"ANPP_woody","MaxTWarmestMonth","geographic.area/plot.name","age.greater.than.200","ANPP_woody = 0.03 + MaxTWarmestMonth x 0.09",TRUE,0.0393048341731233,45
"BNPP_root","MaxTWarmestMonth","geographic.area/plot.name","age.greater.than.200","BNPP_root = -0.69 + MaxTWarmestMonth x 0.13",TRUE,0.0190812436520646,63
"NPP_1","MaxTWarmestMonth","geographic.area/plot.name","age.greater.than.200","NPP_1 = -0.99 + MaxTWarmestMonth x 0.3",TRUE,0.00414809347953897,49
"ANPP_2","MaxTWarmestMonth","geographic.area/plot.name","age.greater.than.200","ANPP_2 = -0.8 + MaxTWarmestMonth x 0.21",TRUE,0.0112851866362487,79
"GPP","MinTColdestMonth","geographic.area/plot.name","age.greater.than.200","GPP = 20.75 + MinTColdestMonth x 0.54",TRUE,2.26421320508303e-10,129
"NPP","MinTColdestMonth","geographic.area/plot.name","age.greater.than.200","NPP = 6.27 + MinTColdestMonth x 0.18",TRUE,1.36063047450084e-06,74
"ANPP","MinTColdestMonth","geographic.area/plot.name","age.greater.than.200","ANPP = 5.19 + MinTColdestMonth x 0.01",FALSE,0.440405653280839,260
"ANPP_foliage","MinTColdestMonth","geographic.area/plot.name","age.greater.than.200","ANPP_foliage = 1.79 + MinTColdestMonth x 0.05",TRUE,3.33339167866777e-11,130
"ANPP_woody","MinTColdestMonth","geographic.area/plot.name","age.greater.than.200","ANPP_woody = 2.2 + MinTColdestMonth x 0.04",TRUE,0.0178569891831706,45
"BNPP_root","MinTColdestMonth","geographic.area/plot.name","age.greater.than.200","BNPP_root = 2.31 + MinTColdestMonth x 0.08",TRUE,5.98090523009609e-05,63
"NPP_1","MinTColdestMonth","geographic.area/plot.name","age.greater.than.200","NPP_1 = 6.02 + MinTColdestMonth x 0.18",TRUE,6.31138666679452e-06,49
"ANPP_2","MinTColdestMonth","geographic.area/plot.name","age.greater.than.200","ANPP_2 = 4.72 + MinTColdestMonth x 0.08",FALSE,0.0519492420869742,79
"GPP","TempRangeAnnual","geographic.area/plot.name","age.greater.than.200","GPP = 40.71 + TempRangeAnnual x -0.71",TRUE,1.73174028757278e-10,129
"NPP","TempRangeAnnual","geographic.area/plot.name","age.greater.than.200","NPP = 12.39 + TempRangeAnnual x -0.24",TRUE,1.13810403234125e-05,74
"ANPP","TempRangeAnnual","geographic.area/plot.name","age.greater.than.200","ANPP = 5.86 + TempRangeAnnual x -0.03",FALSE,0.193469021075647,260
"ANPP_foliage","TempRangeAnnual","geographic.area/plot.name","age.greater.than.200","ANPP_foliage = 3.57 + TempRangeAnnual x -0.06",TRUE,7.18169760505983e-09,130
"ANPP_woody","TempRangeAnnual","geographic.area/plot.name","age.greater.than.200","ANPP_woody = 3.53 + TempRangeAnnual x -0.05",TRUE,0.0362572588154936,45
"BNPP_root","TempRangeAnnual","geographic.area/plot.name","age.greater.than.200","BNPP_root = 5.08 + TempRangeAnnual x -0.11",TRUE,4.370821214611e-05,63
"NPP_1","TempRangeAnnual","geographic.area/plot.name","age.greater.than.200","NPP_1 = 12.21 + TempRangeAnnual x -0.24",TRUE,1.697095860628e-05,49
"ANPP_2","TempRangeAnnual","geographic.area/plot.name","age.greater.than.200","ANPP_2 = 6.35 + TempRangeAnnual x -0.06",FALSE,0.321467461008699,79
"GPP","MeanTWetQ","geographic.area/plot.name","age.greater.than.200","GPP = 12.23 + MeanTWetQ x 0.61",TRUE,0.000636549249760909,129
"NPP","MeanTWetQ","geographic.area/plot.name","age.greater.than.200","NPP = 4.48 + MeanTWetQ x 0.17",TRUE,0.0035737571907987,74
"ANPP","MeanTWetQ","geographic.area/plot.name","age.greater.than.200","ANPP = 4.51 + MeanTWetQ x 0.04",FALSE,0.0882252687576755,260
"ANPP_foliage","MeanTWetQ","geographic.area/plot.name","age.greater.than.200","ANPP_foliage = 1.11 + MeanTWetQ x 0.07",TRUE,4.35761009506607e-08,130
"ANPP_woody","MeanTWetQ","geographic.area/plot.name","age.greater.than.200","ANPP_woody = 2.01 + MeanTWetQ x 0.03",FALSE,0.170200189816179,45
"BNPP_root","MeanTWetQ","geographic.area/plot.name","age.greater.than.200","BNPP_root = 1.54 + MeanTWetQ x 0.08",TRUE,0.0191251751283535,63
"NPP_1","MeanTWetQ","geographic.area/plot.name","age.greater.than.200","NPP_1 = 4.07 + MeanTWetQ x 0.18",TRUE,0.00742150783282566,49
"ANPP_2","MeanTWetQ","geographic.area/plot.name","age.greater.than.200","ANPP_2 = 3.5 + MeanTWetQ x 0.09",TRUE,0.047432413680719,79
"GPP","MeanTDryQ","geographic.area/plot.name","age.greater.than.200","GPP = 16.48 + MeanTDryQ x 0.52",TRUE,1.93708941101931e-08,129
"NPP","MeanTDryQ","geographic.area/plot.name","age.greater.than.200","NPP = 4.34 + MeanTDryQ x 0.2",TRUE,1.86678735858561e-05,74
"ANPP","MeanTDryQ","geographic.area/plot.name","age.greater.than.200","ANPP = 5.83 + MeanTDryQ x -0.03",FALSE,0.31734275703975,260
"ANPP_foliage","MeanTDryQ","geographic.area/plot.name","age.greater.than.200","ANPP_foliage = 1.16 + MeanTDryQ x 0.06",TRUE,5.94587351618337e-09,130
"ANPP_woody","MeanTDryQ","geographic.area/plot.name","age.greater.than.200","ANPP_woody = 1.42 + MeanTDryQ x 0.06",TRUE,0.00971327219546793,45
"BNPP_root","MeanTDryQ","geographic.area/plot.name","age.greater.than.200","BNPP_root = 1.44 + MeanTDryQ x 0.09",TRUE,0.000154612513771365,63
"NPP_1","MeanTDryQ","geographic.area/plot.name","age.greater.than.200","NPP_1 = 3.99 + MeanTDryQ x 0.21",TRUE,2.23782105751047e-05,49
"ANPP_2","MeanTDryQ","geographic.area/plot.name","age.greater.than.200","ANPP_2 = 3.8 + MeanTDryQ x 0.08",FALSE,0.0888365943987246,79
"GPP","MeanTWarmQ","geographic.area/plot.name","age.greater.than.200","GPP = -9.02 + MeanTWarmQ x 1.45",TRUE,3.68880017256877e-06,129
"NPP","MeanTWarmQ","geographic.area/plot.name","age.greater.than.200","NPP = 2.01 + MeanTWarmQ x 0.26",TRUE,0.00139440422168274,74
"ANPP","MeanTWarmQ","geographic.area/plot.name","age.greater.than.200","ANPP = 5.14 + MeanTWarmQ x 0.01",FALSE,0.763558345749821,260
"ANPP_foliage","MeanTWarmQ","geographic.area/plot.name","age.greater.than.200","ANPP_foliage = -0.58 + MeanTWarmQ x 0.13",TRUE,9.0854776118203e-11,130
"ANPP_woody","MeanTWarmQ","geographic.area/plot.name","age.greater.than.200","ANPP_woody = 0.87 + MeanTWarmQ x 0.08",TRUE,0.0297625355928823,45
"BNPP_root","MeanTWarmQ","geographic.area/plot.name","age.greater.than.200","BNPP_root = 0.36 + MeanTWarmQ x 0.12",TRUE,0.0116769968386452,63
"NPP_1","MeanTWarmQ","geographic.area/plot.name","age.greater.than.200","NPP_1 = 1.08 + MeanTWarmQ x 0.3",TRUE,0.00191830271585693,49
"ANPP_2","MeanTWarmQ","geographic.area/plot.name","age.greater.than.200","ANPP_2 = 0.56 + MeanTWarmQ x 0.22",TRUE,0.00500484223682541,79
"GPP","MeanTColdQ","geographic.area/plot.name","age.greater.than.200","GPP = 17.58 + MeanTColdQ x 0.53",TRUE,2.76295428664915e-09,129
"NPP","MeanTColdQ","geographic.area/plot.name","age.greater.than.200","NPP = 5.4 + MeanTColdQ x 0.18",TRUE,3.15532291349109e-06,74
"ANPP","MeanTColdQ","geographic.area/plot.name","age.greater.than.200","ANPP = 5.2 + MeanTColdQ x 0.01",FALSE,0.607127742879815,260
"ANPP_foliage","MeanTColdQ","geographic.area/plot.name","age.greater.than.200","ANPP_foliage = 1.49 + MeanTColdQ x 0.06",TRUE,4.86507246328408e-11,130
"ANPP_woody","MeanTColdQ","geographic.area/plot.name","age.greater.than.200","ANPP_woody = 2.02 + MeanTColdQ x 0.04",TRUE,0.0254468353209429,45
"BNPP_root","MeanTColdQ","geographic.area/plot.name","age.greater.than.200","BNPP_root = 1.9 + MeanTColdQ x 0.08",TRUE,8.09388034907631e-05,63
"NPP_1","MeanTColdQ","geographic.area/plot.name","age.greater.than.200","NPP_1 = 5.11 + MeanTColdQ x 0.18",TRUE,1.13071074795659e-05,49
"ANPP_2","MeanTColdQ","geographic.area/plot.name","age.greater.than.200","ANPP_2 = 4.29 + MeanTColdQ x 0.08",TRUE,0.0463847299530772,79
"GPP","AnnualPre","geographic.area/plot.name","age.greater.than.200","GPP = 9.52 + AnnualPre x 0.01",TRUE,7.9065760414811e-07,129
"NPP","AnnualPre","geographic.area/plot.name","age.greater.than.200","NPP = 4.4 + AnnualPre x 0",TRUE,0.00133240976455357,74
"ANPP","AnnualPre","geographic.area/plot.name","age.greater.than.200","ANPP = 4.09 + AnnualPre x 0",TRUE,0.00273339993695887,260
"ANPP_foliage","AnnualPre","geographic.area/plot.name","age.greater.than.200","ANPP_foliage = 1.74 + AnnualPre x 0",TRUE,0.00193485469413625,130
"ANPP_woody","AnnualPre","geographic.area/plot.name","age.greater.than.200","ANPP_woody = 1.41 + AnnualPre x 0",TRUE,0.0105909056776546,45
"BNPP_root","AnnualPre","geographic.area/plot.name","age.greater.than.200","BNPP_root = 2.22 + AnnualPre x 0",FALSE,0.123767997613961,63
"NPP_1","AnnualPre","geographic.area/plot.name","age.greater.than.200","NPP_1 = 3.73 + AnnualPre x 0",TRUE,0.00128817847510939,49
"ANPP_2","AnnualPre","geographic.area/plot.name","age.greater.than.200","ANPP_2 = 3.85 + AnnualPre x 0",FALSE,0.134199218150725,79
"GPP","PreWetMonth","geographic.area/plot.name","age.greater.than.200","GPP = 14.07 + PreWetMonth x 0.04",TRUE,0.000326450088023758,129
"NPP","PreWetMonth","geographic.area/plot.name","age.greater.than.200","NPP = 5.07 + PreWetMonth x 0.01",TRUE,0.0113505469815183,74
"ANPP","PreWetMonth","geographic.area/plot.name","age.greater.than.200","ANPP = 5.21 + PreWetMonth x 0",FALSE,0.641360964817757,260
"ANPP_foliage","PreWetMonth","geographic.area/plot.name","age.greater.than.200","ANPP_foliage = 1.75 + PreWetMonth x 0",TRUE,0.00225815681836061,130
"ANPP_woody","PreWetMonth","geographic.area/plot.name","age.greater.than.200","ANPP_woody = 1.52 + PreWetMonth x 0",TRUE,0.0335443958665083,45
"BNPP_root","PreWetMonth","geographic.area/plot.name","age.greater.than.200","BNPP_root = 2.89 + PreWetMonth x 0",FALSE,0.737131700093203,63
"NPP_1","PreWetMonth","geographic.area/plot.name","age.greater.than.200","NPP_1 = 4.67 + PreWetMonth x 0.01",TRUE,0.0131628777699856,49
"ANPP_2","PreWetMonth","geographic.area/plot.name","age.greater.than.200","ANPP_2 = 3.62 + PreWetMonth x 0.01",FALSE,0.069691154237869,79
"GPP","PreDryMonth","geographic.area/plot.name","age.greater.than.200","GPP = 20.07 + PreDryMonth x 0.1",TRUE,0.00317983207867086,129
"NPP","PreDryMonth","geographic.area/plot.name","age.greater.than.200","NPP = 5.8 + PreDryMonth x 0.03",TRUE,0.00298228597704865,74
"ANPP","PreDryMonth","geographic.area/plot.name","age.greater.than.200","ANPP = 4.35 + PreDryMonth x 0.02",TRUE,0.000127061340502166,260
"ANPP_foliage","PreDryMonth","geographic.area/plot.name","age.greater.than.200","ANPP_foliage = 2.22 + PreDryMonth x 0",TRUE,0.0365726754484163,130
"ANPP_woody","PreDryMonth","geographic.area/plot.name","age.greater.than.200","ANPP_woody = 1.99 + PreDryMonth x 0.01",TRUE,0.0345332980515265,45
"BNPP_root","PreDryMonth","geographic.area/plot.name","age.greater.than.200","BNPP_root = 2.47 + PreDryMonth x 0.01",FALSE,0.0958470387824863,63
"NPP_1","PreDryMonth","geographic.area/plot.name","age.greater.than.200","NPP_1 = 5.18 + PreDryMonth x 0.03",TRUE,0.00213095869800432,49
"ANPP_2","PreDryMonth","geographic.area/plot.name","age.greater.than.200","ANPP_2 = 4.03 + PreDryMonth x 0.02",FALSE,0.0628442214500283,79
"GPP","PreSeasonality","geographic.area/plot.name","age.greater.than.200","GPP = 25.25 + PreSeasonality x 0",FALSE,0.941520694916328,129
"NPP","PreSeasonality","geographic.area/plot.name","age.greater.than.200","NPP = 8.72 + PreSeasonality x -0.02",FALSE,0.33288428372406,74
"ANPP","PreSeasonality","geographic.area/plot.name","age.greater.than.200","ANPP = 6.98 + PreSeasonality x -0.03",TRUE,1.83624848436442e-07,260
"ANPP_foliage","PreSeasonality","geographic.area/plot.name","age.greater.than.200","ANPP_foliage = 2.68 + PreSeasonality x 0",FALSE,0.592918903850398,130
"ANPP_woody","PreSeasonality","geographic.area/plot.name","age.greater.than.200","ANPP_woody = 3.23 + PreSeasonality x -0.01",FALSE,0.186316850384334,45
"BNPP_root","PreSeasonality","geographic.area/plot.name","age.greater.than.200","BNPP_root = 3.19 + PreSeasonality x 0",FALSE,0.674667651969382,63
"NPP_1","PreSeasonality","geographic.area/plot.name","age.greater.than.200","NPP_1 = 9.14 + PreSeasonality x -0.04",FALSE,0.183039363478236,49
"ANPP_2","PreSeasonality","geographic.area/plot.name","age.greater.than.200","ANPP_2 = 6.02 + PreSeasonality x -0.02",FALSE,0.341426692781686,79
"GPP","PreWetQ","geographic.area/plot.name","age.greater.than.200","GPP = 13.92 + PreWetQ x 0.01",TRUE,0.00021700701844115,129
"NPP","PreWetQ","geographic.area/plot.name","age.greater.than.200","NPP = 5.13 + PreWetQ x 0",TRUE,0.011958543367505,74
"ANPP","PreWetQ","geographic.area/plot.name","age.greater.than.200","ANPP = 5.11 + PreWetQ x 0",FALSE,0.47612695227603,260
"ANPP_foliage","PreWetQ","geographic.area/plot.name","age.greater.than.200","ANPP_foliage = 1.77 + PreWetQ x 0",TRUE,0.00403381194389203,130
"ANPP_woody","PreWetQ","geographic.area/plot.name","age.greater.than.200","ANPP_woody = 1.53 + PreWetQ x 0",TRUE,0.0340148402935253,45
"BNPP_root","PreWetQ","geographic.area/plot.name","age.greater.than.200","BNPP_root = 2.79 + PreWetQ x 0",FALSE,0.578156866785524,63
"NPP_1","PreWetQ","geographic.area/plot.name","age.greater.than.200","NPP_1 = 4.72 + PreWetQ x 0",TRUE,0.0135386998686286,49
"ANPP_2","PreWetQ","geographic.area/plot.name","age.greater.than.200","ANPP_2 = 3.98 + PreWetQ x 0",FALSE,0.203807367321193,79
"GPP","PreDryQ","geographic.area/plot.name","age.greater.than.200","GPP = 19.69 + PreDryQ x 0.03",TRUE,0.00288962706996195,129
"NPP","PreDryQ","geographic.area/plot.name","age.greater.than.200","NPP = 5.66 + PreDryQ x 0.01",TRUE,0.00384197025709506,74
"ANPP","PreDryQ","geographic.area/plot.name","age.greater.than.200","ANPP = 4.44 + PreDryQ x 0",TRUE,0.0012403059470412,260
"ANPP_foliage","PreDryQ","geographic.area/plot.name","age.greater.than.200","ANPP_foliage = 2.19 + PreDryQ x 0",TRUE,0.0406081965859245,130
"ANPP_woody","PreDryQ","geographic.area/plot.name","age.greater.than.200","ANPP_woody = 1.91 + PreDryQ x 0",TRUE,0.0272853173328707,45
"BNPP_root","PreDryQ","geographic.area/plot.name","age.greater.than.200","BNPP_root = 2.37 + PreDryQ x 0",FALSE,0.0795193511759145,63
"NPP_1","PreDryQ","geographic.area/plot.name","age.greater.than.200","NPP_1 = 4.93 + PreDryQ x 0.01",TRUE,0.00197768353633082,49
"ANPP_2","PreDryQ","geographic.area/plot.name","age.greater.than.200","ANPP_2 = 3.84 + PreDryQ x 0.01",TRUE,0.0464521432644737,79
"GPP","PreWarmQ","geographic.area/plot.name","age.greater.than.200","GPP = 21.11 + PreWarmQ x 0.01",FALSE,0.0507295929062199,129
"NPP","PreWarmQ","geographic.area/plot.name","age.greater.than.200","NPP = 6.18 + PreWarmQ x 0",TRUE,0.0450907043782248,74
"ANPP","PreWarmQ","geographic.area/plot.name","age.greater.than.200","ANPP = 4.06 + PreWarmQ x 0",TRUE,1.82414865924164e-05,260
"ANPP_foliage","PreWarmQ","geographic.area/plot.name","age.greater.than.200","ANPP_foliage = 2.12 + PreWarmQ x 0",TRUE,0.0115836434210527,130
"ANPP_woody","PreWarmQ","geographic.area/plot.name","age.greater.than.200","ANPP_woody = 2.14 + PreWarmQ x 0",FALSE,0.149121542715063,45
"BNPP_root","PreWarmQ","geographic.area/plot.name","age.greater.than.200","BNPP_root = 2.41 + PreWarmQ x 0",FALSE,0.1211121967869,63
"NPP_1","PreWarmQ","geographic.area/plot.name","age.greater.than.200","NPP_1 = 5.99 + PreWarmQ x 0",FALSE,0.0790781404236748,49
"ANPP_2","PreWarmQ","geographic.area/plot.name","age.greater.than.200","ANPP_2 = 4.39 + PreWarmQ x 0",FALSE,0.28714682184603,79
"GPP","PreColdQ","geographic.area/plot.name","age.greater.than.200","GPP = 20.02 + PreColdQ x 0.01",TRUE,0.010647600302466,129
"NPP","PreColdQ","geographic.area/plot.name","age.greater.than.200","NPP = 5.51 + PreColdQ x 0",TRUE,0.011971969045621,74
"ANPP","PreColdQ","geographic.area/plot.name","age.greater.than.200","ANPP = 4.93 + PreColdQ x 0",FALSE,0.133277417361983,260
"ANPP_foliage","PreColdQ","geographic.area/plot.name","age.greater.than.200","ANPP_foliage = 2.16 + PreColdQ x 0",FALSE,0.0940473957650866,130
"ANPP_woody","PreColdQ","geographic.area/plot.name","age.greater.than.200","ANPP_woody = 1.54 + PreColdQ x 0",TRUE,0.00972066736873694,45
"BNPP_root","PreColdQ","geographic.area/plot.name","age.greater.than.200","BNPP_root = 2.95 + PreColdQ x 0",FALSE,0.896727627766328,63
"NPP_1","PreColdQ","geographic.area/plot.name","age.greater.than.200","NPP_1 = 4.86 + PreColdQ x 0",TRUE,0.004778616178281,49
"ANPP_2","PreColdQ","geographic.area/plot.name","age.greater.than.200","ANPP_2 = 3.97 + PreColdQ x 0",FALSE,0.243373334923652,79
"GPP","CloudCover","geographic.area/plot.name","age.greater.than.200","GPP = 25.81 + CloudCover x -0.01",FALSE,0.963032949801322,129
"NPP","CloudCover","geographic.area/plot.name","age.greater.than.200","NPP = -1.7 + CloudCover x 0.13",FALSE,0.138496752222103,74
"ANPP","CloudCover","geographic.area/plot.name","age.greater.than.200","ANPP = 0.77 + CloudCover x 0.07",TRUE,0.000611836067969912,261
"ANPP_foliage","CloudCover","geographic.area/plot.name","age.greater.than.200","ANPP_foliage = 0.6 + CloudCover x 0.03",TRUE,0.0476108357413928,130
"ANPP_woody","CloudCover","geographic.area/plot.name","age.greater.than.200","ANPP_woody = -0.56 + CloudCover x 0.04",FALSE,0.196145409008506,45
"BNPP_root","CloudCover","geographic.area/plot.name","age.greater.than.200","BNPP_root = 1.4 + CloudCover x 0.02",FALSE,0.40768132769961,63
"NPP_1","CloudCover","geographic.area/plot.name","age.greater.than.200","NPP_1 = -1.38 + CloudCover x 0.12",FALSE,0.18451030489182,49
"ANPP_2","CloudCover","geographic.area/plot.name","age.greater.than.200","ANPP_2 = -3.21 + CloudCover x 0.12",FALSE,0.218881781732013,79
"GPP","AnnualFrostDays","geographic.area/plot.name","age.greater.than.200","GPP = 29.27 + AnnualFrostDays x -0.07",TRUE,1.63763977541268e-07,129
"NPP","AnnualFrostDays","geographic.area/plot.name","age.greater.than.200","NPP = 9.32 + AnnualFrostDays x -0.03",TRUE,7.0723384634785e-06,74
"ANPP","AnnualFrostDays","geographic.area/plot.name","age.greater.than.200","ANPP = 5.2 + AnnualFrostDays x 0",FALSE,0.43540618007286,261
"ANPP_foliage","AnnualFrostDays","geographic.area/plot.name","age.greater.than.200","ANPP_foliage = 2.85 + AnnualFrostDays x -0.01",TRUE,2.97320283183009e-10,130
"ANPP_woody","AnnualFrostDays","geographic.area/plot.name","age.greater.than.200","ANPP_woody = 3 + AnnualFrostDays x -0.01",TRUE,0.0184994967669363,45
"BNPP_root","AnnualFrostDays","geographic.area/plot.name","age.greater.than.200","BNPP_root = 3.65 + AnnualFrostDays x -0.01",TRUE,0.000307583196690512,63
"NPP_1","AnnualFrostDays","geographic.area/plot.name","age.greater.than.200","NPP_1 = 9.04 + AnnualFrostDays x -0.03",TRUE,6.40258254150438e-05,49
"ANPP_2","AnnualFrostDays","geographic.area/plot.name","age.greater.than.200","ANPP_2 = 6.17 + AnnualFrostDays x -0.01",FALSE,0.0518913493912757,79
"GPP","AnnualPET","geographic.area/plot.name","age.greater.than.200","GPP = 4.32 + AnnualPET x 0.02",TRUE,0.000278532692107668,129
"NPP","AnnualPET","geographic.area/plot.name","age.greater.than.200","NPP = 2.36 + AnnualPET x 0.01",TRUE,0.000882571133615101,74
"ANPP","AnnualPET","geographic.area/plot.name","age.greater.than.200","ANPP = 5.81 + AnnualPET x 0",FALSE,0.480291696837292,261
"ANPP_foliage","AnnualPET","geographic.area/plot.name","age.greater.than.200","ANPP_foliage = 0.81 + AnnualPET x 0",TRUE,3.33760485570008e-05,130
"ANPP_woody","AnnualPET","geographic.area/plot.name","age.greater.than.200","ANPP_woody = 1.38 + AnnualPET x 0",FALSE,0.126036104216415,45
"BNPP_root","AnnualPET","geographic.area/plot.name","age.greater.than.200","BNPP_root = 0.55 + AnnualPET x 0",TRUE,0.00385651896861941,63
"NPP_1","AnnualPET","geographic.area/plot.name","age.greater.than.200","NPP_1 = 2.36 + AnnualPET x 0.01",TRUE,0.00470505114870545,49
"ANPP_2","AnnualPET","geographic.area/plot.name","age.greater.than.200","ANPP_2 = 2.1 + AnnualPET x 0",FALSE,0.0859273220475182,79
"GPP","AnnualWetDays","geographic.area/plot.name","age.greater.than.200","GPP = 12.96 + AnnualWetDays x 0.07",TRUE,0.0177087822105927,129
"NPP","AnnualWetDays","geographic.area/plot.name","age.greater.than.200","NPP = 2.93 + AnnualWetDays x 0.03",TRUE,0.0167747187240879,74
"ANPP","AnnualWetDays","geographic.area/plot.name","age.greater.than.200","ANPP = 3.06 + AnnualWetDays x 0.01",TRUE,0.000583667408250168,261
"ANPP_foliage","AnnualWetDays","geographic.area/plot.name","age.greater.than.200","ANPP_foliage = 1.04 + AnnualWetDays x 0.01",TRUE,0.000244952033644144,130
"ANPP_woody","AnnualWetDays","geographic.area/plot.name","age.greater.than.200","ANPP_woody = 1 + AnnualWetDays x 0.01",TRUE,0.023657956369043,45
"BNPP_root","AnnualWetDays","geographic.area/plot.name","age.greater.than.200","BNPP_root = 2.2 + AnnualWetDays x 0",FALSE,0.348618579098606,63
"NPP_1","AnnualWetDays","geographic.area/plot.name","age.greater.than.200","NPP_1 = 2.74 + AnnualWetDays x 0.02",TRUE,0.0257473828768135,49
"ANPP_2","AnnualWetDays","geographic.area/plot.name","age.greater.than.200","ANPP_2 = 4.87 + AnnualWetDays x 0",FALSE,0.945449581203116,79
